Player,Nation,Pos,Age,MP,Starts,Min,90s,Gls,Ast,G+A,G-PK,PK,PKatt,CrdY,CrdR,xG,npxG,xAG,npxG+xAG,PrgC,PrgP,PrgR,Gls_90,Ast_90,G+A_90,G-PK_90,G+A-PK_90,xG_90,xAG_90,xG+xAG_90,npxG_90,npxG+xAG_90,Team
Rodri,es ESP,MF,27.0,34,34,2931.0,32.6,8.0,9.0,17.0,8.0,0.0,0.0,8.0,1.0,4.1,4.1,3.9,8.0,76.0,376.0,55.0,0.25,0.28,0.52,0.25,0.52,0.12,0.12,0.24,0.12,0.24,Manchester City
Phil Foden,eng ENG,"FW,MF",23.0,35,33,2857.0,31.7,19.0,8.0,27.0,19.0,0.0,0.0,2.0,0.0,10.3,10.3,8.4,18.7,93.0,168.0,269.0,0.6,0.25,0.85,0.6,0.85,0.33,0.26,0.59,0.33,0.59,Manchester City
Ederson,br BRA,GK,29.0,33,33,2785.0,30.9,0.0,0.0,0.0,0.0,0.0,0.0,5.0,0.0,0.0,0.0,0.1,0.1,0.0,4.0,0.0,0.0,0.0,0.0,0.0,0.0,0.0,0.0,0.0,0.0,0.0,Manchester City
Julián Álvarez,ar ARG,"MF,FW",23.0,36,31,2647.0,29.4,11.0,8.0,19.0,9.0,2.0,2.0,2.0,0.0,13.0,11.5,6.4,17.9,64.0,103.0,180.0,0.37,0.27,0.65,0.31,0.58,0.44,0.22,0.66,0.39,0.61,Manchester City
Kyle Walker,eng ENG,DF,33.0,32,30,2767.0,30.7,0.0,4.0,4.0,0.0,0.0,0.0,2.0,0.0,0.4,0.4,2.6,3.0,74.0,157.0,172.0,0.0,0.13,0.13,0.0,0.13,0.01,0.09,0.1,0.01,0.1,Manchester City
Bernardo Silva,pt POR,"MF,FW",28.0,33,29,2578.0,28.6,6.0,9.0,15.0,6.0,0.0,0.0,8.0,0.0,3.7,3.7,7.6,11.3,140.0,177.0,260.0,0.21,0.31,0.52,0.21,0.52,0.13,0.27,0.4,0.13,0.4,Manchester City
Erling Haaland,no NOR,FW,23.0,31,29,2552.0,28.4,27.0,5.0,32.0,20.0,7.0,8.0,1.0,0.0,29.2,22.9,4.3,27.2,35.0,26.0,126.0,0.95,0.18,1.13,0.71,0.88,1.03,0.15,1.18,0.81,0.96,Manchester City
Rúben Dias,pt POR,DF,26.0,30,28,2559.0,28.4,0.0,0.0,0.0,0.0,0.0,0.0,0.0,0.0,1.4,1.4,0.3,1.7,34.0,173.0,16.0,0.0,0.0,0.0,0.0,0.0,0.05,0.01,0.06,0.05,0.06,Manchester City
Manuel Akanji,ch SUI,"DF,MF",28.0,30,28,2511.0,27.9,2.0,0.0,2.0,2.0,0.0,0.0,4.0,1.0,1.9,1.9,0.5,2.4,46.0,148.0,36.0,0.07,0.0,0.07,0.07,0.07,0.07,0.02,0.09,0.07,0.09,Manchester City
Joško Gvardiol,hr CRO,DF,21.0,28,26,2328.0,25.9,4.0,1.0,5.0,4.0,0.0,0.0,3.0,0.0,3.1,3.1,1.4,4.5,63.0,136.0,115.0,0.15,0.04,0.19,0.15,0.19,0.12,0.06,0.18,0.12,0.18,Manchester City
Nathan Aké,nl NED,DF,28.0,29,24,2042.0,22.7,2.0,2.0,4.0,2.0,0.0,0.0,0.0,0.0,2.5,2.5,1.2,3.7,24.0,116.0,18.0,0.09,0.09,0.18,0.09,0.18,0.11,0.05,0.16,0.11,0.16,Manchester City
Jeremy Doku,be BEL,"FW,MF",21.0,29,18,1595.0,17.7,3.0,8.0,11.0,3.0,0.0,0.0,3.0,0.0,2.5,2.5,4.6,7.1,218.0,57.0,295.0,0.17,0.45,0.62,0.17,0.62,0.14,0.26,0.4,0.14,0.4,Manchester City
Mateo Kovačić,hr CRO,MF,29.0,30,16,1551.0,17.2,1.0,0.0,1.0,1.0,0.0,0.0,4.0,0.0,1.3,1.3,1.6,2.9,37.0,100.0,38.0,0.06,0.0,0.06,0.06,0.06,0.07,0.09,0.17,0.07,0.17,Manchester City
Kevin De Bruyne,be BEL,MF,32.0,18,15,1221.0,13.6,4.0,10.0,14.0,4.0,0.0,0.0,2.0,0.0,2.4,2.4,11.5,14.0,47.0,111.0,133.0,0.29,0.74,1.03,0.29,1.03,0.18,0.85,1.03,0.18,1.03,Manchester City
John Stones,eng ENG,"DF,MF",29.0,16,12,1064.0,11.8,1.0,0.0,1.0,1.0,0.0,0.0,2.0,0.0,1.0,1.0,0.2,1.3,16.0,57.0,24.0,0.08,0.0,0.08,0.08,0.08,0.09,0.02,0.11,0.09,0.11,Manchester City
Jack Grealish,eng ENG,"FW,MF",27.0,20,10,1009.0,11.2,3.0,1.0,4.0,3.0,0.0,0.0,6.0,0.0,2.1,2.1,2.5,4.6,87.0,50.0,146.0,0.27,0.09,0.36,0.27,0.36,0.19,0.22,0.41,0.19,0.41,Manchester City
Rico Lewis,eng ENG,"DF,MF",18.0,16,8,809.0,9.0,2.0,0.0,2.0,2.0,0.0,0.0,1.0,0.0,0.6,0.6,1.1,1.8,21.0,33.0,46.0,0.22,0.0,0.22,0.22,0.22,0.07,0.12,0.19,0.07,0.19,Manchester City
Matheus Nunes,pt POR,MF,24.0,17,7,661.0,7.3,0.0,2.0,2.0,0.0,0.0,0.0,0.0,0.0,0.8,0.8,1.1,2.0,28.0,34.0,58.0,0.0,0.27,0.27,0.0,0.27,0.11,0.15,0.27,0.11,0.27,Manchester City
Stefan Ortega,de GER,GK,30.0,9,5,635.0,7.1,0.0,0.0,0.0,0.0,0.0,0.0,0.0,0.0,0.0,0.0,0.0,0.0,0.0,0.0,0.0,0.0,0.0,0.0,0.0,0.0,0.0,0.0,0.0,0.0,0.0,Manchester City
Oscar Bobb,no NOR,"FW,MF",20.0,14,2,302.0,3.4,1.0,1.0,2.0,1.0,0.0,0.0,0.0,0.0,1.4,1.4,1.2,2.6,13.0,25.0,38.0,0.3,0.3,0.6,0.3,0.6,0.41,0.37,0.78,0.41,0.78,Manchester City
Kalvin Phillips,eng ENG,MF,27.0,4,0,93.0,1.0,0.0,0.0,0.0,0.0,0.0,0.0,0.0,0.0,0.1,0.1,0.0,0.1,7.0,7.0,3.0,0.0,0.0,0.0,0.0,0.0,0.07,0.0,0.07,0.07,0.07,Manchester City
Sergio Gómez,es ESP,"FW,MF",22.0,6,0,53.0,0.6,0.0,1.0,1.0,0.0,0.0,0.0,0.0,0.0,0.2,0.2,0.2,0.4,4.0,2.0,4.0,0.0,1.7,1.7,0.0,1.7,0.41,0.31,0.73,0.41,0.73,Manchester City
Aymeric Laporte,es ESP,DF,29.0,1,0,12.0,0.1,0.0,0.0,0.0,0.0,0.0,0.0,0.0,0.0,0.0,0.0,0.0,0.0,0.0,0.0,0.0,0.0,0.0,0.0,0.0,0.0,0.27,0.0,0.27,0.27,0.27,Manchester City
Cole Palmer,eng ENG,MF,21.0,1,0,11.0,0.1,0.0,0.0,0.0,0.0,0.0,0.0,0.0,0.0,0.0,0.0,0.0,0.0,0.0,0.0,0.0,0.0,0.0,0.0,0.0,0.0,0.0,0.0,0.0,0.0,0.0,Manchester City
James Mcatee,eng ENG,MF,20.0,1,0,1.0,0.0,0.0,0.0,0.0,0.0,0.0,0.0,0.0,0.0,0.0,0.0,0.0,0.0,0.0,0.0,0.0,0.0,0.0,0.0,0.0,0.0,0.0,0.0,0.0,0.0,0.0,Manchester City
Virgil van Dijk,nl NED,DF,32.0,36,36,3177.0,35.3,2.0,2.0,4.0,2.0,0.0,0.0,3.0,1.0,2.8,2.8,1.6,4.4,32.0,200.0,7.0,0.06,0.06,0.11,0.06,0.11,0.08,0.04,0.12,0.08,0.12,Liverpool
Luis Díaz,co COL,FW,26.0,37,32,2629.0,29.2,8.0,5.0,13.0,8.0,0.0,0.0,3.0,0.0,11.9,11.9,5.7,17.5,137.0,113.0,302.0,0.27,0.17,0.45,0.27,0.45,0.41,0.19,0.6,0.41,0.6,Liverpool
Alexis Mac Allister,ar ARG,MF,24.0,33,31,2599.0,28.9,5.0,5.0,10.0,4.0,1.0,1.0,7.0,1.0,3.7,2.9,3.6,6.4,44.0,209.0,48.0,0.17,0.17,0.35,0.14,0.31,0.13,0.12,0.25,0.1,0.22,Liverpool
Mohamed Salah,eg EGY,FW,31.0,32,28,2534.0,28.2,18.0,10.0,28.0,13.0,5.0,7.0,2.0,0.0,21.2,15.5,11.8,27.3,98.0,147.0,341.0,0.64,0.36,0.99,0.46,0.82,0.75,0.42,1.17,0.55,0.97,Liverpool
Alisson,br BRA,GK,30.0,28,28,2520.0,28.0,0.0,0.0,0.0,0.0,0.0,0.0,1.0,0.0,0.0,0.0,0.0,0.0,0.0,5.0,0.0,0.0,0.0,0.0,0.0,0.0,0.0,0.0,0.0,0.0,0.0,Liverpool
Trent Alexander-Arnold,eng ENG,DF,24.0,28,25,2155.0,23.9,3.0,4.0,7.0,3.0,0.0,0.0,6.0,0.0,2.6,2.3,7.2,9.5,45.0,205.0,97.0,0.13,0.17,0.29,0.13,0.29,0.11,0.3,0.41,0.1,0.4,Liverpool
Dominik Szoboszlai,hu HUN,MF,22.0,33,25,2104.0,23.4,3.0,2.0,5.0,3.0,0.0,0.0,1.0,0.0,3.7,3.7,5.8,9.5,75.0,152.0,160.0,0.13,0.09,0.21,0.13,0.21,0.16,0.25,0.4,0.16,0.4,Liverpool
Darwin Núñez,uy URU,FW,24.0,36,22,2047.0,22.7,11.0,8.0,19.0,11.0,0.0,1.0,9.0,0.0,16.3,15.5,6.0,21.5,58.0,54.0,206.0,0.48,0.35,0.84,0.48,0.84,0.72,0.27,0.98,0.68,0.95,Liverpool
Wataru Endo,jp JPN,MF,30.0,29,20,1722.0,19.1,1.0,0.0,1.0,1.0,0.0,0.0,10.0,0.0,0.5,0.5,1.7,2.3,10.0,101.0,21.0,0.05,0.0,0.05,0.05,0.05,0.03,0.09,0.12,0.03,0.12,Liverpool
Andrew Robertson,sct SCO,DF,29.0,23,18,1693.0,18.8,3.0,2.0,5.0,3.0,0.0,0.0,2.0,0.0,1.9,1.9,5.4,7.3,63.0,140.0,130.0,0.16,0.11,0.27,0.16,0.27,0.1,0.29,0.39,0.1,0.39,Liverpool
Joe Gomez,eng ENG,DF,26.0,32,17,1786.0,19.8,0.0,1.0,1.0,0.0,0.0,0.0,5.0,0.0,0.8,0.8,1.3,2.1,44.0,100.0,105.0,0.0,0.05,0.05,0.0,0.05,0.04,0.07,0.1,0.04,0.1,Liverpool
Cody Gakpo,nl NED,"FW,MF",24.0,35,17,1649.0,18.3,8.0,5.0,13.0,8.0,0.0,0.0,1.0,0.0,9.0,9.0,2.9,11.8,43.0,83.0,130.0,0.44,0.27,0.71,0.44,0.71,0.49,0.16,0.64,0.49,0.64,Liverpool
Ibrahima Konaté,fr FRA,DF,24.0,22,17,1574.0,17.5,0.0,0.0,0.0,0.0,0.0,0.0,5.0,1.0,0.7,0.7,0.4,1.1,24.0,118.0,3.0,0.0,0.0,0.0,0.0,0.0,0.04,0.02,0.06,0.04,0.06,Liverpool
Curtis Jones,eng ENG,MF,22.0,23,14,1167.0,13.0,1.0,1.0,2.0,1.0,0.0,0.0,3.0,1.0,2.6,2.6,0.7,3.3,31.0,74.0,88.0,0.08,0.08,0.15,0.08,0.15,0.2,0.05,0.25,0.2,0.25,Liverpool
Diogo Jota,pt POR,FW,26.0,21,14,1145.0,12.7,10.0,3.0,13.0,10.0,0.0,0.0,3.0,1.0,5.3,5.3,3.3,8.6,54.0,34.0,111.0,0.79,0.24,1.02,0.79,1.02,0.42,0.26,0.68,0.42,0.68,Liverpool
Jarell Quansah,eng ENG,DF,20.0,17,13,1190.0,13.2,2.0,0.0,2.0,2.0,0.0,0.0,1.0,0.0,1.0,1.0,0.1,1.1,13.0,67.0,1.0,0.15,0.0,0.15,0.15,0.15,0.08,0.01,0.08,0.08,0.08,Liverpool
Ryan Gravenberch,nl NED,MF,21.0,26,12,1121.0,12.5,1.0,0.0,1.0,1.0,0.0,0.0,0.0,0.0,2.0,2.0,0.9,2.9,39.0,78.0,71.0,0.08,0.0,0.08,0.08,0.08,0.16,0.07,0.23,0.16,0.23,Liverpool
Harvey Elliott,eng ENG,"MF,FW",20.0,34,11,1352.0,15.0,3.0,6.0,9.0,3.0,0.0,0.0,2.0,0.0,2.7,2.7,3.5,6.2,44.0,128.0,122.0,0.2,0.4,0.6,0.2,0.6,0.18,0.23,0.42,0.18,0.42,Liverpool
Caoimhín Kelleher,ie IRL,GK,24.0,10,10,900.0,10.0,0.0,0.0,0.0,0.0,0.0,0.0,0.0,0.0,0.0,0.0,0.0,0.0,0.0,1.0,0.0,0.0,0.0,0.0,0.0,0.0,0.0,0.0,0.0,0.0,0.0,Liverpool
Conor Bradley,nir NIR,DF,20.0,11,10,753.0,8.4,1.0,3.0,4.0,1.0,0.0,0.0,2.0,0.0,0.9,0.9,1.5,2.3,35.0,29.0,64.0,0.12,0.36,0.48,0.12,0.48,0.1,0.17,0.28,0.1,0.28,Liverpool
Joël Matip,cm CMR,DF,31.0,10,9,781.0,8.7,0.0,0.0,0.0,0.0,0.0,0.0,2.0,0.0,0.5,0.5,0.1,0.6,8.0,34.0,1.0,0.0,0.0,0.0,0.0,0.0,0.06,0.01,0.06,0.06,0.06,Liverpool
Kostas Tsimikas,gr GRE,DF,27.0,13,8,679.0,7.5,0.0,3.0,3.0,0.0,0.0,0.0,0.0,0.0,0.1,0.1,1.0,1.1,24.0,31.0,73.0,0.0,0.4,0.4,0.0,0.4,0.01,0.14,0.15,0.01,0.15,Liverpool
Bobby Clark,eng ENG,MF,18.0,5,1,89.0,1.0,0.0,0.0,0.0,0.0,0.0,0.0,0.0,0.0,0.1,0.1,0.0,0.1,3.0,3.0,7.0,0.0,0.0,0.0,0.0,0.0,0.14,0.0,0.14,0.14,0.14,Liverpool
Stefan Bajcetic,es ESP,MF,18.0,1,0,26.0,0.3,0.0,0.0,0.0,0.0,0.0,0.0,0.0,0.0,0.0,0.0,0.0,0.0,0.0,1.0,0.0,0.0,0.0,0.0,0.0,0.0,0.0,0.0,0.0,0.0,0.0,Liverpool
Ben Doak,sct SCO,FW,17.0,1,0,14.0,0.2,0.0,0.0,0.0,0.0,0.0,0.0,0.0,0.0,0.0,0.0,0.0,0.0,0.0,0.0,0.0,0.0,0.0,0.0,0.0,0.0,0.0,0.0,0.0,0.0,0.0,Liverpool
Jayden Danns,eng ENG,FW,17.0,2,0,9.0,0.1,0.0,0.0,0.0,0.0,0.0,0.0,1.0,0.0,0.0,0.0,0.0,0.0,0.0,1.0,2.0,0.0,0.0,0.0,0.0,0.0,0.0,0.0,0.0,0.0,0.0,Liverpool
Owen Beck,wls WAL,DF,20.0,1,0,8.0,0.1,0.0,0.0,0.0,0.0,0.0,0.0,0.0,0.0,0.0,0.0,0.0,0.0,0.0,0.0,1.0,0.0,0.0,0.0,0.0,0.0,0.0,0.0,0.0,0.0,0.0,Liverpool
Thiago Alcántara,es ESP,MF,32.0,1,0,6.0,0.1,0.0,0.0,0.0,0.0,0.0,0.0,0.0,0.0,0.0,0.0,0.0,0.0,0.0,0.0,0.0,0.0,0.0,0.0,0.0,0.0,0.0,0.0,0.0,0.0,0.0,Liverpool
James McConnell,eng ENG,MF,18.0,3,0,4.0,0.0,0.0,0.0,0.0,0.0,0.0,0.0,0.0,0.0,0.0,0.0,0.0,0.0,0.0,1.0,0.0,0.0,0.0,0.0,0.0,0.0,0.0,0.0,0.0,0.0,0.0,Liverpool
Kaide Gordon,eng ENG,FW,18.0,1,0,1.0,0.0,0.0,0.0,0.0,0.0,0.0,0.0,0.0,0.0,0.0,0.0,0.0,0.0,0.0,1.0,0.0,0.0,0.0,0.0,0.0,0.0,0.0,0.0,0.0,0.0,0.0,Liverpool
William Saliba,fr FRA,DF,22.0,38,38,3420.0,38.0,2.0,1.0,3.0,2.0,0.0,0.0,4.0,0.0,1.6,1.6,0.2,1.8,16.0,157.0,6.0,0.05,0.03,0.08,0.05,0.08,0.04,0.01,0.05,0.04,0.05,Arsenal
Declan Rice,eng ENG,MF,24.0,38,37,3225.0,35.8,7.0,8.0,15.0,7.0,0.0,0.0,5.0,0.0,3.3,3.3,5.3,8.6,75.0,278.0,64.0,0.2,0.22,0.42,0.2,0.42,0.09,0.15,0.24,0.09,0.24,Arsenal
Martin Ødegaard,no NOR,MF,24.0,35,35,3091.0,34.3,8.0,10.0,18.0,6.0,2.0,2.0,2.0,0.0,7.4,5.8,9.6,15.5,91.0,344.0,202.0,0.23,0.29,0.52,0.17,0.47,0.22,0.28,0.5,0.17,0.45,Arsenal
Ben White,eng ENG,DF,25.0,37,35,2988.0,33.2,4.0,4.0,8.0,4.0,0.0,0.0,8.0,0.0,1.2,1.2,3.8,5.0,44.0,192.0,162.0,0.12,0.12,0.24,0.12,0.24,0.03,0.11,0.15,0.03,0.15,Arsenal
Bukayo Saka,eng ENG,FW,21.0,35,35,2919.0,32.4,16.0,9.0,25.0,10.0,6.0,6.0,4.0,0.0,15.5,10.8,10.5,21.2,155.0,126.0,508.0,0.49,0.28,0.77,0.31,0.59,0.48,0.32,0.8,0.33,0.65,Arsenal
Gabriel Magalhães,br BRA,DF,25.0,36,34,3044.0,33.8,4.0,0.0,4.0,4.0,0.0,0.0,4.0,0.0,4.3,4.3,0.7,5.0,13.0,117.0,8.0,0.12,0.0,0.12,0.12,0.12,0.13,0.02,0.15,0.13,0.15,Arsenal
David Raya,es ESP,GK,27.0,32,32,2880.0,32.0,0.0,0.0,0.0,0.0,0.0,0.0,2.0,0.0,0.0,0.0,0.0,0.0,0.0,2.0,0.0,0.0,0.0,0.0,0.0,0.0,0.0,0.0,0.0,0.0,0.0,Arsenal
Kai Havertz,de GER,"MF,FW",24.0,37,30,2634.0,29.3,13.0,7.0,20.0,12.0,1.0,1.0,11.0,0.0,12.3,11.6,4.4,15.9,55.0,99.0,191.0,0.44,0.24,0.68,0.41,0.65,0.42,0.15,0.57,0.39,0.54,Arsenal
Gabriel Martinelli,br BRA,FW,22.0,35,24,2019.0,22.4,6.0,4.0,10.0,6.0,0.0,0.0,1.0,0.0,6.8,6.8,6.1,12.9,127.0,65.0,345.0,0.27,0.18,0.45,0.27,0.45,0.31,0.27,0.58,0.31,0.58,Arsenal
Oleksandr Zinchenko,ua UKR,DF,26.0,27,20,1722.0,19.1,1.0,2.0,3.0,1.0,0.0,0.0,2.0,0.0,0.6,0.6,2.5,3.1,40.0,229.0,58.0,0.05,0.1,0.16,0.05,0.16,0.03,0.13,0.16,0.03,0.16,Arsenal
Leandro Trossard,be BEL,"FW,MF",28.0,34,18,1649.0,18.3,12.0,1.0,13.0,12.0,0.0,0.0,2.0,0.0,7.9,7.9,2.8,10.7,66.0,76.0,155.0,0.65,0.05,0.71,0.65,0.71,0.43,0.15,0.58,0.43,0.58,Arsenal
Gabriel Jesus,br BRA,FW,26.0,27,17,1478.0,16.4,4.0,5.0,9.0,4.0,0.0,0.0,6.0,0.0,6.3,6.3,3.8,10.1,38.0,42.0,155.0,0.24,0.3,0.55,0.24,0.55,0.39,0.23,0.62,0.39,0.62,Arsenal
Jakub Kiwior,pl POL,DF,23.0,20,11,946.0,10.5,1.0,3.0,4.0,1.0,0.0,0.0,1.0,0.0,0.8,0.8,0.9,1.7,4.0,55.0,16.0,0.1,0.29,0.38,0.1,0.38,0.08,0.09,0.16,0.08,0.16,Arsenal
Takehiro Tomiyasu,jp JPN,DF,24.0,22,10,1149.0,12.8,2.0,1.0,3.0,2.0,0.0,0.0,2.0,1.0,1.5,1.5,0.4,1.9,17.0,72.0,37.0,0.16,0.08,0.23,0.16,0.23,0.12,0.03,0.15,0.12,0.15,Arsenal
Eddie Nketiah,eng ENG,FW,24.0,27,10,1082.0,12.0,5.0,2.0,7.0,5.0,0.0,0.0,3.0,0.0,4.5,4.5,0.8,5.4,22.0,20.0,77.0,0.42,0.17,0.58,0.42,0.58,0.38,0.07,0.45,0.38,0.45,Arsenal
Jorginho,it ITA,MF,31.0,24,10,921.0,10.2,0.0,2.0,2.0,0.0,0.0,0.0,1.0,0.0,0.1,0.1,1.4,1.5,8.0,101.0,8.0,0.0,0.2,0.2,0.0,0.2,0.01,0.13,0.14,0.01,0.14,Arsenal
Thomas Partey,gh GHA,"MF,DF",30.0,14,9,788.0,8.8,0.0,0.0,0.0,0.0,0.0,0.0,3.0,0.0,0.4,0.4,0.3,0.7,15.0,72.0,10.0,0.0,0.0,0.0,0.0,0.0,0.05,0.03,0.08,0.05,0.08,Arsenal
Aaron Ramsdale,eng ENG,GK,25.0,6,6,540.0,6.0,0.0,0.0,0.0,0.0,0.0,0.0,0.0,0.0,0.0,0.0,0.0,0.0,0.0,2.0,0.0,0.0,0.0,0.0,0.0,0.0,0.0,0.0,0.0,0.0,0.0,Arsenal
Emile Smith Rowe,eng ENG,MF,23.0,13,3,353.0,3.9,0.0,1.0,1.0,0.0,0.0,0.0,0.0,0.0,2.0,2.0,0.2,2.2,11.0,23.0,18.0,0.0,0.25,0.25,0.0,0.25,0.5,0.06,0.56,0.5,0.56,Arsenal
Fabio Vieira,pt POR,"MF,FW",23.0,11,2,297.0,3.3,1.0,2.0,3.0,0.0,1.0,1.0,0.0,1.0,1.3,0.5,1.6,2.1,12.0,15.0,30.0,0.3,0.61,0.91,0.0,0.61,0.38,0.49,0.87,0.14,0.64,Arsenal
Reiss Nelson,eng ENG,FW,23.0,15,1,268.0,3.0,0.0,0.0,0.0,0.0,0.0,0.0,1.0,0.0,0.2,0.2,0.6,0.8,9.0,5.0,26.0,0.0,0.0,0.0,0.0,0.0,0.07,0.2,0.27,0.07,0.27,Arsenal
Jurriën Timber,nl NED,DF,22.0,2,1,71.0,0.8,0.0,0.0,0.0,0.0,0.0,0.0,2.0,0.0,0.0,0.0,0.0,0.0,0.0,8.0,5.0,0.0,0.0,0.0,0.0,0.0,0.0,0.0,0.0,0.0,0.0,Arsenal
Cédric Soares,pt POR,DF,31.0,3,0,62.0,0.7,0.0,0.0,0.0,0.0,0.0,0.0,0.0,0.0,0.0,0.0,0.0,0.0,0.0,3.0,6.0,0.0,0.0,0.0,0.0,0.0,0.0,0.0,0.0,0.0,0.0,Arsenal
Mohamed Elneny,eg EGY,MF,31.0,3,0,28.0,0.3,0.0,0.0,0.0,0.0,0.0,0.0,0.0,0.0,0.1,0.1,0.0,0.1,1.0,1.0,0.0,0.0,0.0,0.0,0.0,0.0,0.26,0.0,0.26,0.26,0.26,Arsenal
Ethan Nwaneri,eng ENG,FW,16.0,1,0,14.0,0.2,0.0,0.0,0.0,0.0,0.0,0.0,0.0,0.0,0.0,0.0,0.0,0.0,2.0,2.0,1.0,0.0,0.0,0.0,0.0,0.0,0.0,0.15,0.15,0.0,0.15,Arsenal
Conor Gallagher,eng ENG,MF,23.0,37,37,3128.0,34.8,5.0,7.0,12.0,5.0,0.0,0.0,9.0,1.0,4.2,4.2,5.0,9.2,62.0,172.0,122.0,0.14,0.2,0.35,0.14,0.35,0.12,0.15,0.27,0.12,0.27,Chelsea
Moisés Caicedo,ec ECU,MF,21.0,35,33,2866.0,31.8,1.0,3.0,4.0,1.0,0.0,0.0,11.0,0.0,0.4,0.4,2.6,3.0,27.0,173.0,27.0,0.03,0.09,0.13,0.03,0.13,0.01,0.08,0.09,0.01,0.09,Chelsea
Nicolas Jackson,sn SEN,FW,22.0,35,31,2799.0,31.1,14.0,5.0,19.0,14.0,0.0,0.0,10.0,0.0,18.6,18.6,4.3,22.9,70.0,67.0,200.0,0.45,0.16,0.61,0.45,0.61,0.6,0.14,0.74,0.6,0.74,Chelsea
Cole Palmer,eng ENG,"FW,MF",21.0,33,29,2607.0,29.0,22.0,11.0,33.0,13.0,9.0,9.0,7.0,0.0,18.2,11.1,11.1,22.2,117.0,197.0,195.0,0.76,0.38,1.14,0.45,0.83,0.63,0.38,1.01,0.38,0.77,Chelsea
Axel Disasi,fr FRA,DF,25.0,31,29,2579.0,28.7,2.0,0.0,2.0,2.0,0.0,0.0,6.0,0.0,2.4,2.4,0.3,2.7,30.0,112.0,21.0,0.07,0.0,0.07,0.07,0.07,0.08,0.01,0.09,0.08,0.09,Chelsea
Thiago Silva,br BRA,DF,38.0,31,28,2527.0,28.1,3.0,1.0,4.0,3.0,0.0,0.0,4.0,0.0,0.8,0.8,1.0,1.8,2.0,102.0,5.0,0.11,0.04,0.14,0.11,0.14,0.03,0.04,0.06,0.03,0.06,Chelsea
Enzo Fernández,ar ARG,MF,22.0,28,26,2209.0,24.5,3.0,2.0,5.0,2.0,1.0,2.0,7.0,0.0,6.2,4.6,3.4,8.0,52.0,210.0,54.0,0.12,0.08,0.2,0.08,0.16,0.25,0.14,0.39,0.19,0.33,Chelsea
Đorđe Petrović,rs SRB,GK,23.0,23,22,1987.0,22.1,0.0,0.0,0.0,0.0,0.0,0.0,2.0,0.0,0.0,0.0,0.0,0.0,0.0,1.0,0.0,0.0,0.0,0.0,0.0,0.0,0.0,0.0,0.0,0.0,0.0,Chelsea
Raheem Sterling,eng ENG,"FW,MF",28.0,31,22,1978.0,22.0,8.0,4.0,12.0,8.0,0.0,0.0,7.0,0.0,6.5,6.5,4.5,11.0,120.0,78.0,242.0,0.36,0.18,0.55,0.36,0.55,0.29,0.2,0.5,0.29,0.5,Chelsea
Levi Colwill,eng ENG,DF,20.0,23,20,1797.0,20.0,1.0,1.0,2.0,1.0,0.0,0.0,2.0,0.0,1.3,1.3,1.2,2.5,23.0,73.0,27.0,0.05,0.05,0.1,0.05,0.1,0.06,0.06,0.12,0.06,0.12,Chelsea
Marc Cucurella,es ESP,DF,25.0,21,20,1782.0,19.8,0.0,2.0,2.0,0.0,0.0,0.0,10.0,0.0,1.1,1.1,1.1,2.2,31.0,50.0,73.0,0.0,0.1,0.1,0.0,0.1,0.06,0.05,0.11,0.06,0.11,Chelsea
Malo Gusto,fr FRA,DF,20.0,27,19,1751.0,19.5,0.0,6.0,6.0,0.0,0.0,0.0,7.0,1.0,0.9,0.9,4.3,5.2,78.0,86.0,135.0,0.0,0.31,0.31,0.0,0.31,0.05,0.22,0.27,0.05,0.27,Chelsea
Mykhailo Mudryk,ua UKR,FW,22.0,31,18,1576.0,17.5,5.0,2.0,7.0,5.0,0.0,0.0,5.0,0.0,4.4,4.4,4.1,8.5,92.0,45.0,139.0,0.29,0.11,0.4,0.29,0.4,0.25,0.23,0.48,0.25,0.48,Chelsea
Robert Sánchez,es ESP,GK,25.0,16,16,1433.0,15.9,0.0,0.0,0.0,0.0,0.0,0.0,2.0,0.0,0.0,0.0,0.0,0.0,0.0,1.0,0.0,0.0,0.0,0.0,0.0,0.0,0.0,0.0,0.0,0.0,0.0,Chelsea
Benoît Badiashile,fr FRA,DF,22.0,18,15,1338.0,14.9,0.0,1.0,1.0,0.0,0.0,0.0,3.0,0.0,0.3,0.3,1.5,1.8,3.0,46.0,3.0,0.0,0.07,0.07,0.0,0.07,0.02,0.1,0.12,0.02,0.12,Chelsea
Noni Madueke,eng ENG,FW,21.0,23,13,1053.0,11.7,5.0,2.0,7.0,4.0,1.0,1.0,2.0,0.0,2.5,1.7,2.6,4.3,76.0,52.0,136.0,0.43,0.17,0.6,0.34,0.51,0.21,0.23,0.44,0.14,0.37,Chelsea
Trevoh Chalobah,eng ENG,DF,24.0,13,10,952.0,10.6,1.0,0.0,1.0,1.0,0.0,0.0,1.0,0.0,0.2,0.2,0.1,0.3,5.0,31.0,9.0,0.09,0.0,0.09,0.09,0.09,0.02,0.01,0.02,0.02,0.02,Chelsea
Ben Chilwell,eng ENG,DF,26.0,13,9,756.0,8.4,0.0,1.0,1.0,0.0,0.0,0.0,5.0,0.0,1.2,1.2,2.2,3.4,22.0,25.0,59.0,0.0,0.12,0.12,0.0,0.12,0.14,0.26,0.41,0.14,0.41,Chelsea
Armando Broja,al ALB,FW,21.0,13,6,454.0,5.0,1.0,0.0,1.0,1.0,0.0,0.0,0.0,0.0,2.4,2.4,0.2,2.5,11.0,6.0,37.0,0.2,0.0,0.2,0.2,0.2,0.47,0.03,0.5,0.47,0.5,Chelsea
Reece James,eng ENG,DF,23.0,10,5,419.0,4.7,0.0,2.0,2.0,0.0,0.0,0.0,2.0,2.0,0.3,0.3,1.7,2.1,19.0,21.0,35.0,0.0,0.43,0.43,0.0,0.43,0.07,0.37,0.44,0.07,0.44,Chelsea
Lesley Ugochukwu,fr FRA,MF,19.0,12,3,301.0,3.3,0.0,0.0,0.0,0.0,0.0,0.0,2.0,0.0,0.0,0.0,0.1,0.1,8.0,17.0,3.0,0.0,0.0,0.0,0.0,0.0,0.0,0.03,0.03,0.0,0.03,Chelsea
Christopher Nkunku,fr FRA,"FW,MF",25.0,11,2,443.0,4.9,3.0,0.0,3.0,3.0,0.0,0.0,0.0,0.0,2.3,2.3,0.2,2.5,10.0,19.0,35.0,0.61,0.0,0.61,0.61,0.61,0.47,0.05,0.52,0.47,0.52,Chelsea
Carney Chukwuemeka,eng ENG,"MF,FW",19.0,9,2,227.0,2.5,1.0,1.0,2.0,1.0,0.0,0.0,2.0,0.0,0.2,0.2,0.3,0.5,4.0,12.0,19.0,0.4,0.4,0.79,0.4,0.79,0.06,0.13,0.19,0.06,0.19,Chelsea
Alfie Gilchrist,eng ENG,DF,19.0,11,2,207.0,2.3,1.0,0.0,1.0,1.0,0.0,0.0,1.0,0.0,0.3,0.3,0.0,0.3,1.0,7.0,4.0,0.43,0.0,0.43,0.43,0.43,0.14,0.0,0.14,0.14,0.14,Chelsea
Ian Maatsen,nl NED,"FW,MF",21.0,12,1,209.0,2.3,0.0,0.0,0.0,0.0,0.0,0.0,1.0,0.0,0.8,0.8,0.1,0.9,9.0,8.0,15.0,0.0,0.0,0.0,0.0,0.0,0.35,0.04,0.39,0.35,0.39,Chelsea
Cesare Casadei,it ITA,"FW,MF",20.0,11,0,79.0,0.9,0.0,0.0,0.0,0.0,0.0,0.0,0.0,0.0,0.0,0.0,0.1,0.1,1.0,3.0,3.0,0.0,0.0,0.0,0.0,0.0,0.0,0.12,0.12,0.0,0.12,Chelsea
Roméo Lavia,be BEL,MF,19.0,1,0,33.0,0.4,0.0,0.0,0.0,0.0,0.0,0.0,0.0,0.0,0.0,0.0,0.0,0.0,0.0,1.0,0.0,0.0,0.0,0.0,0.0,0.0,0.0,0.0,0.0,0.0,0.0,Chelsea
Deivid Washington,br BRA,"DF,FW",18.0,2,0,13.0,0.1,0.0,0.0,0.0,0.0,0.0,0.0,0.0,0.0,0.5,0.5,0.0,0.5,0.0,0.0,1.0,0.0,0.0,0.0,0.0,0.0,3.23,0.0,3.23,3.23,3.23,Chelsea
Mason Burstow,eng ENG,FW,19.0,2,0,9.0,0.1,0.0,0.0,0.0,0.0,0.0,0.0,0.0,0.0,0.0,0.0,0.0,0.0,0.0,0.0,1.0,0.0,0.0,0.0,0.0,0.0,0.0,0.0,0.0,0.0,0.0,Chelsea
Joshua Acheampong,eng ENG,DF,17.0,1,0,6.0,0.1,0.0,0.0,0.0,0.0,0.0,0.0,0.0,0.0,0.0,0.0,0.0,0.0,0.0,0.0,0.0,0.0,0.0,0.0,0.0,0.0,0.0,0.0,0.0,0.0,0.0,Chelsea
Alex Matos,eng ENG,MF,18.0,1,0,1.0,0.0,0.0,0.0,0.0,0.0,0.0,0.0,0.0,0.0,0.0,0.0,0.0,0.0,0.0,0.0,0.0,0.0,0.0,0.0,0.0,0.0,0.0,0.0,0.0,0.0,0.0,Chelsea
Jimi Tauriainen,eng ENG,FW,19.0,1,0,1.0,0.0,0.0,0.0,0.0,0.0,0.0,0.0,0.0,0.0,0.0,0.0,0.0,0.0,0.0,0.0,0.0,0.0,0.0,0.0,0.0,0.0,0.0,0.0,0.0,0.0,0.0,Chelsea
Bruno Guimarães,br BRA,MF,25.0,37,37,3263.0,36.3,7.0,8.0,15.0,7.0,0.0,0.0,9.0,0.0,4.8,4.8,6.4,11.2,65.0,283.0,73.0,0.19,0.22,0.41,0.19,0.41,0.13,0.18,0.31,0.13,0.31,Newcastle United
Fabian Schär,ch SUI,DF,31.0,36,35,3054.0,33.9,4.0,1.0,5.0,4.0,0.0,0.0,5.0,0.0,2.5,2.5,0.7,3.3,28.0,133.0,20.0,0.12,0.03,0.15,0.12,0.15,0.07,0.02,0.1,0.07,0.1,Newcastle United
Anthony Gordon,eng ENG,FW,22.0,35,34,2890.0,32.1,11.0,10.0,21.0,10.0,1.0,1.0,12.0,1.0,10.2,9.4,8.0,17.4,138.0,101.0,232.0,0.34,0.31,0.65,0.31,0.62,0.32,0.25,0.57,0.29,0.54,Newcastle United
Dan Burn,eng ENG,DF,31.0,33,32,2726.0,30.3,2.0,2.0,4.0,2.0,0.0,0.0,4.0,0.0,3.1,3.1,1.1,4.2,14.0,75.0,25.0,0.07,0.07,0.13,0.07,0.13,0.1,0.04,0.14,0.1,0.14,Newcastle United
Sean Longstaff,eng ENG,MF,25.0,35,30,2747.0,30.5,6.0,2.0,8.0,6.0,0.0,0.0,7.0,0.0,6.6,6.6,2.3,8.8,24.0,145.0,116.0,0.2,0.07,0.26,0.2,0.26,0.22,0.07,0.29,0.22,0.29,Newcastle United
Alexander Isak,se SWE,FW,23.0,30,27,2255.0,25.1,21.0,2.0,23.0,16.0,5.0,6.0,1.0,0.0,20.3,15.6,3.7,19.3,68.0,71.0,129.0,0.84,0.08,0.92,0.64,0.72,0.81,0.15,0.96,0.62,0.77,Newcastle United
Kieran Trippier,eng ENG,DF,32.0,28,26,2236.0,24.8,1.0,10.0,11.0,1.0,0.0,0.0,5.0,0.0,0.7,0.7,7.5,8.2,34.0,157.0,128.0,0.04,0.4,0.44,0.04,0.44,0.03,0.3,0.33,0.03,0.33,Newcastle United
Miguel Almirón,py PAR,FW,29.0,33,23,1937.0,21.5,3.0,1.0,4.0,3.0,0.0,0.0,2.0,0.0,4.5,4.5,2.6,7.2,78.0,78.0,162.0,0.14,0.05,0.19,0.14,0.19,0.21,0.12,0.33,0.21,0.33,Newcastle United
Martin Dúbravka,sk SVK,GK,34.0,23,22,1985.0,22.1,0.0,0.0,0.0,0.0,0.0,0.0,1.0,0.0,0.0,0.0,0.1,0.1,0.0,0.0,0.0,0.0,0.0,0.0,0.0,0.0,0.0,0.0,0.0,0.0,0.0,Newcastle United
Sven Botman,nl NED,DF,23.0,17,15,1377.0,15.3,2.0,2.0,4.0,2.0,0.0,0.0,2.0,0.0,0.6,0.6,1.0,1.6,0.0,35.0,5.0,0.13,0.13,0.26,0.13,0.26,0.04,0.07,0.11,0.04,0.11,Newcastle United
Nick Pope,eng ENG,GK,31.0,15,15,1345.0,14.9,0.0,0.0,0.0,0.0,0.0,0.0,1.0,0.0,0.0,0.0,0.0,0.0,0.0,0.0,0.0,0.0,0.0,0.0,0.0,0.0,0.0,0.0,0.0,0.0,0.0,Newcastle United
Joelinton,br BRA,"MF,FW",26.0,20,15,1279.0,14.2,2.0,1.0,3.0,2.0,0.0,0.0,6.0,0.0,3.1,3.1,2.8,5.9,29.0,56.0,60.0,0.14,0.07,0.21,0.14,0.21,0.22,0.2,0.41,0.22,0.41,Newcastle United
Lewis Miley,eng ENG,MF,17.0,17,14,1202.0,13.4,1.0,3.0,4.0,1.0,0.0,0.0,1.0,0.0,1.2,1.2,1.7,2.9,14.0,53.0,54.0,0.07,0.22,0.3,0.07,0.3,0.09,0.13,0.22,0.09,0.22,Newcastle United
Jacob Murphy,eng ENG,"FW,DF",28.0,21,14,1189.0,13.2,3.0,7.0,10.0,3.0,0.0,0.0,1.0,0.0,2.1,2.1,5.0,7.1,33.0,52.0,113.0,0.23,0.53,0.76,0.23,0.76,0.16,0.37,0.54,0.16,0.54,Newcastle United
Jamaal Lascelles,eng ENG,DF,29.0,16,13,1080.0,12.0,1.0,0.0,1.0,1.0,0.0,0.0,4.0,0.0,0.7,0.7,0.1,0.8,8.0,31.0,3.0,0.08,0.0,0.08,0.08,0.08,0.06,0.01,0.07,0.06,0.07,Newcastle United
Valentino Livramento,eng ENG,DF,20.0,26,12,1314.0,14.6,1.0,0.0,1.0,1.0,0.0,0.0,1.0,0.0,0.4,0.4,0.8,1.2,44.0,61.0,76.0,0.07,0.0,0.07,0.07,0.07,0.03,0.05,0.08,0.03,0.08,Newcastle United
Elliot Anderson,sct SCO,"MF,FW",20.0,21,10,1027.0,11.4,0.0,2.0,2.0,0.0,0.0,0.0,3.0,0.0,1.5,1.5,1.9,3.5,37.0,57.0,70.0,0.0,0.18,0.18,0.0,0.18,0.13,0.17,0.3,0.13,0.3,Newcastle United
Callum Wilson,eng ENG,FW,31.0,20,9,991.0,11.0,9.0,1.0,10.0,7.0,2.0,2.0,3.0,0.0,8.8,7.2,0.6,7.8,11.0,9.0,77.0,0.82,0.09,0.91,0.64,0.73,0.8,0.05,0.85,0.65,0.71,Newcastle United
Emil Krafth,se SWE,DF,28.0,17,8,913.0,10.1,0.0,0.0,0.0,0.0,0.0,0.0,2.0,0.0,0.2,0.2,1.0,1.2,12.0,29.0,33.0,0.0,0.0,0.0,0.0,0.0,0.02,0.1,0.12,0.02,0.12,Newcastle United
Lewis Hall,eng ENG,DF,18.0,18,8,781.0,8.7,1.0,0.0,1.0,1.0,0.0,0.0,2.0,0.0,0.3,0.3,0.3,0.6,19.0,46.0,27.0,0.12,0.0,0.12,0.12,0.12,0.04,0.03,0.07,0.04,0.07,Newcastle United
Harvey Barnes,eng ENG,"FW,MF",25.0,21,7,802.0,8.9,5.0,3.0,8.0,5.0,0.0,0.0,2.0,0.0,3.6,3.6,3.2,6.8,45.0,34.0,79.0,0.56,0.34,0.9,0.56,0.9,0.4,0.36,0.76,0.4,0.76,Newcastle United
Sandro Tonali,it ITA,MF,23.0,8,5,438.0,4.9,1.0,0.0,1.0,1.0,0.0,0.0,2.0,0.0,0.7,0.7,0.6,1.3,11.0,19.0,21.0,0.21,0.0,0.21,0.21,0.21,0.13,0.13,0.26,0.13,0.26,Newcastle United
Joe Willock,eng ENG,MF,23.0,9,5,419.0,4.7,1.0,0.0,1.0,1.0,0.0,0.0,0.0,0.0,0.8,0.8,0.6,1.4,16.0,17.0,26.0,0.21,0.0,0.21,0.21,0.21,0.17,0.12,0.3,0.17,0.3,Newcastle United
Loris Karius,de GER,GK,30.0,1,1,90.0,1.0,0.0,0.0,0.0,0.0,0.0,0.0,0.0,0.0,0.0,0.0,0.0,0.0,0.0,0.0,0.0,0.0,0.0,0.0,0.0,0.0,0.0,0.0,0.0,0.0,0.0,Newcastle United
Matt Targett,eng ENG,DF,27.0,3,1,78.0,0.9,0.0,0.0,0.0,0.0,0.0,0.0,1.0,0.0,0.0,0.0,0.0,0.0,1.0,2.0,0.0,0.0,0.0,0.0,0.0,0.0,0.0,0.03,0.03,0.0,0.03,Newcastle United
Matt Ritchie,sct SCO,"FW,MF",33.0,13,0,128.0,1.4,1.0,0.0,1.0,1.0,0.0,0.0,1.0,0.0,1.0,1.0,0.0,1.0,5.0,8.0,13.0,0.7,0.0,0.7,0.7,0.7,0.68,0.0,0.68,0.68,0.68,Newcastle United
Ben Parkinson,eng ENG,FW,18.0,1,0,25.0,0.3,0.0,0.0,0.0,0.0,0.0,0.0,0.0,0.0,0.0,0.0,0.0,0.0,0.0,0.0,0.0,0.0,0.0,0.0,0.0,0.0,0.0,0.0,0.0,0.0,0.0,Newcastle United
Paul Dummett,wls WAL,DF,31.0,5,0,20.0,0.2,0.0,0.0,0.0,0.0,0.0,0.0,0.0,0.0,0.0,0.0,0.0,0.0,1.0,1.0,0.0,0.0,0.0,0.0,0.0,0.0,0.11,0.0,0.11,0.11,0.11,Newcastle United
Alex Murphy,ie IRL,"DF,FW",19.0,2,0,13.0,0.1,0.0,0.0,0.0,0.0,0.0,0.0,0.0,0.0,0.0,0.0,0.0,0.0,0.0,1.0,0.0,0.0,0.0,0.0,0.0,0.0,0.0,0.0,0.0,0.0,0.0,Newcastle United
Joe White,eng ENG,MF,20.0,4,0,13.0,0.1,0.0,0.0,0.0,0.0,0.0,0.0,1.0,0.0,0.0,0.0,0.0,0.0,2.0,3.0,3.0,0.0,0.0,0.0,0.0,0.0,0.0,0.0,0.0,0.0,0.0,Newcastle United
Amadou Diallo,eng ENG,MF,20.0,1,0,1.0,0.0,0.0,0.0,0.0,0.0,0.0,0.0,0.0,0.0,0.0,0.0,0.0,0.0,0.0,0.0,0.0,0.0,0.0,0.0,0.0,0.0,0.0,0.0,0.0,0.0,0.0,Newcastle United
Michael Ndiweni,eng ENG,FW,19.0,1,0,1.0,0.0,0.0,0.0,0.0,0.0,0.0,0.0,0.0,0.0,0.0,0.0,0.0,0.0,0.0,0.0,0.0,0.0,0.0,0.0,0.0,0.0,0.0,0.0,0.0,0.0,0.0,Newcastle United
Guglielmo Vicario,it ITA,GK,26.0,38,38,3420.0,38.0,0.0,0.0,0.0,0.0,0.0,0.0,2.0,0.0,0.0,0.0,0.0,0.0,0.0,3.0,0.0,0.0,0.0,0.0,0.0,0.0,0.0,0.0,0.0,0.0,0.0,Tottenham Hotspur
Pedro Porro,es ESP,DF,23.0,35,35,3089.0,34.3,3.0,7.0,10.0,3.0,0.0,0.0,3.0,0.0,2.9,2.9,7.2,10.1,57.0,194.0,158.0,0.09,0.2,0.29,0.09,0.29,0.09,0.21,0.3,0.09,0.3,Tottenham Hotspur
Son Heung-min,kr KOR,FW,31.0,35,34,2934.0,32.6,17.0,10.0,27.0,15.0,2.0,2.0,1.0,0.0,12.0,10.4,11.8,22.2,119.0,139.0,325.0,0.52,0.31,0.83,0.46,0.77,0.37,0.36,0.73,0.32,0.68,Tottenham Hotspur
Cristian Romero,ar ARG,DF,25.0,33,33,2790.0,31.0,5.0,0.0,5.0,5.0,0.0,0.0,7.0,1.0,3.5,3.5,0.4,3.9,32.0,179.0,8.0,0.16,0.0,0.16,0.16,0.16,0.11,0.01,0.13,0.11,0.13,Tottenham Hotspur
Dejan Kulusevski,se SWE,"FW,MF",23.0,36,31,2762.0,30.7,8.0,3.0,11.0,8.0,0.0,0.0,7.0,0.0,4.7,4.7,7.7,12.4,151.0,144.0,388.0,0.26,0.1,0.36,0.26,0.36,0.15,0.25,0.4,0.15,0.4,Tottenham Hotspur
Destiny Udogie,it ITA,DF,20.0,28,28,2391.0,26.6,2.0,3.0,5.0,2.0,0.0,0.0,7.0,1.0,2.4,2.4,2.2,4.6,83.0,155.0,138.0,0.08,0.11,0.19,0.08,0.19,0.09,0.08,0.17,0.09,0.17,Tottenham Hotspur
Micky van de Ven,nl NED,DF,22.0,27,27,2339.0,26.0,3.0,0.0,3.0,3.0,0.0,0.0,5.0,0.0,0.6,0.6,0.0,0.6,19.0,108.0,9.0,0.12,0.0,0.12,0.12,0.12,0.02,0.0,0.02,0.02,0.02,Tottenham Hotspur
Pape Matar Sarr,sn SEN,MF,20.0,34,27,2069.0,23.0,3.0,3.0,6.0,3.0,0.0,0.0,9.0,0.0,3.4,3.4,2.2,5.7,43.0,150.0,90.0,0.13,0.13,0.26,0.13,0.26,0.15,0.1,0.25,0.15,0.25,Tottenham Hotspur
James Maddison,eng ENG,MF,26.0,28,26,2135.0,23.7,4.0,9.0,13.0,4.0,0.0,0.0,5.0,0.0,6.4,6.4,5.9,12.4,58.0,224.0,156.0,0.17,0.38,0.55,0.17,0.55,0.27,0.25,0.52,0.27,0.52,Tottenham Hotspur
Yves Bissouma,ml MLI,MF,26.0,28,26,2068.0,23.0,0.0,0.0,0.0,0.0,0.0,0.0,10.0,2.0,1.4,1.4,0.4,1.8,43.0,169.0,13.0,0.0,0.0,0.0,0.0,0.0,0.06,0.02,0.08,0.06,0.08,Tottenham Hotspur
Brennan Johnson,wls WAL,FW,22.0,32,23,2085.0,23.2,5.0,10.0,15.0,5.0,0.0,0.0,3.0,0.0,10.3,10.3,8.1,18.3,97.0,72.0,293.0,0.22,0.43,0.65,0.22,0.65,0.44,0.35,0.79,0.44,0.79,Tottenham Hotspur
Richarlison,br BRA,FW,26.0,28,18,1491.0,16.6,11.0,4.0,15.0,11.0,0.0,0.0,3.0,0.0,9.6,9.6,2.1,11.7,26.0,38.0,106.0,0.66,0.24,0.91,0.66,0.91,0.58,0.13,0.7,0.58,0.7,Tottenham Hotspur
Rodrigo Bentancur,uy URU,MF,26.0,23,13,1005.0,11.2,1.0,1.0,2.0,1.0,0.0,0.0,7.0,0.0,1.9,1.9,0.5,2.4,16.0,72.0,31.0,0.09,0.09,0.18,0.09,0.18,0.17,0.04,0.22,0.17,0.22,Tottenham Hotspur
Ben Davies,wls WAL,DF,30.0,17,12,1090.0,12.1,1.0,0.0,1.0,1.0,0.0,0.0,2.0,0.0,2.3,2.3,0.4,2.7,13.0,71.0,20.0,0.08,0.0,0.08,0.08,0.08,0.19,0.03,0.23,0.19,0.23,Tottenham Hotspur
Emerson,br BRA,DF,24.0,22,11,1161.0,12.9,1.0,0.0,1.0,1.0,0.0,0.0,4.0,0.0,0.2,0.2,0.4,0.6,21.0,57.0,35.0,0.08,0.0,0.08,0.08,0.08,0.02,0.03,0.05,0.02,0.05,Tottenham Hotspur
Timo Werner,de GER,FW,27.0,13,10,809.0,9.0,2.0,3.0,5.0,2.0,0.0,0.0,1.0,0.0,3.7,3.7,2.7,6.4,79.0,41.0,124.0,0.22,0.33,0.56,0.22,0.56,0.41,0.3,0.72,0.41,0.72,Tottenham Hotspur
Pierre Højbjerg,dk DEN,MF,27.0,36,8,1311.0,14.6,0.0,0.0,0.0,0.0,0.0,0.0,4.0,0.0,0.7,0.7,1.2,1.9,17.0,134.0,29.0,0.0,0.0,0.0,0.0,0.0,0.05,0.08,0.13,0.05,0.13,Tottenham Hotspur
Oliver Skipp,eng ENG,"MF,DF",22.0,21,5,707.0,7.9,0.0,0.0,0.0,0.0,0.0,0.0,3.0,0.0,0.7,0.7,0.6,1.3,8.0,37.0,25.0,0.0,0.0,0.0,0.0,0.0,0.09,0.07,0.16,0.09,0.16,Tottenham Hotspur
Giovani Lo Celso,ar ARG,MF,27.0,22,4,506.0,5.6,2.0,2.0,4.0,2.0,0.0,0.0,2.0,0.0,0.6,0.6,1.9,2.5,25.0,68.0,29.0,0.36,0.36,0.71,0.36,0.71,0.1,0.34,0.45,0.1,0.45,Tottenham Hotspur
Radu Drăgușin,ro ROU,DF,21.0,9,4,429.0,4.8,0.0,0.0,0.0,0.0,0.0,0.0,1.0,0.0,0.1,0.1,0.0,0.1,5.0,8.0,1.0,0.0,0.0,0.0,0.0,0.0,0.03,0.0,0.03,0.03,0.03,Tottenham Hotspur
Bryan Gil,es ESP,"FW,MF",22.0,11,2,209.0,2.3,0.0,0.0,0.0,0.0,0.0,0.0,0.0,0.0,0.8,0.8,0.2,1.0,11.0,16.0,49.0,0.0,0.0,0.0,0.0,0.0,0.32,0.09,0.41,0.32,0.41,Tottenham Hotspur
Manor Solomon,il ISR,FW,24.0,5,2,199.0,2.2,0.0,2.0,2.0,0.0,0.0,0.0,1.0,0.0,0.4,0.4,0.8,1.2,17.0,11.0,44.0,0.0,0.9,0.9,0.0,0.9,0.19,0.38,0.56,0.19,0.56,Tottenham Hotspur
Eric Dier,eng ENG,DF,29.0,4,1,201.0,2.2,0.0,0.0,0.0,0.0,0.0,0.0,0.0,0.0,0.0,0.0,0.0,0.0,0.0,3.0,0.0,0.0,0.0,0.0,0.0,0.0,0.0,0.0,0.0,0.0,0.0,Tottenham Hotspur
Ivan Perišić,hr CRO,FW,34.0,5,0,103.0,1.1,0.0,1.0,1.0,0.0,0.0,0.0,2.0,0.0,0.1,0.1,0.9,1.0,15.0,9.0,17.0,0.0,0.87,0.87,0.0,0.87,0.1,0.75,0.85,0.1,0.85,Tottenham Hotspur
Davinson Sánchez,co COL,DF,27.0,1,0,77.0,0.9,0.0,0.0,0.0,0.0,0.0,0.0,1.0,0.0,0.1,0.1,0.0,0.1,0.0,2.0,0.0,0.0,0.0,0.0,0.0,0.0,0.14,0.0,0.14,0.14,0.14,Tottenham Hotspur
Alejo Véliz,ar ARG,FW,19.0,8,0,50.0,0.6,1.0,0.0,1.0,1.0,0.0,0.0,1.0,0.0,0.2,0.2,0.0,0.2,0.0,1.0,3.0,1.8,0.0,1.8,1.8,1.8,0.45,0.0,0.45,0.45,0.45,Tottenham Hotspur
Dane Scarlett,eng ENG,FW,19.0,4,0,22.0,0.2,0.0,0.0,0.0,0.0,0.0,0.0,0.0,0.0,0.0,0.0,0.0,0.0,0.0,1.0,4.0,0.0,0.0,0.0,0.0,0.0,0.0,0.0,0.0,0.0,0.0,Tottenham Hotspur
Mikey Moore,eng ENG,MF,15.0,2,0,4.0,0.0,0.0,0.0,0.0,0.0,0.0,0.0,0.0,0.0,0.0,0.0,0.0,0.0,2.0,1.0,2.0,0.0,0.0,0.0,0.0,0.0,0.0,0.0,0.0,0.0,0.0,Tottenham Hotspur
Jamie Donley,eng ENG,FW,18.0,3,0,3.0,0.0,0.0,0.0,0.0,0.0,0.0,0.0,1.0,0.0,0.0,0.0,0.0,0.0,0.0,0.0,0.0,0.0,0.0,0.0,0.0,0.0,0.0,0.0,0.0,0.0,0.0,Tottenham Hotspur
André Onana,cm CMR,GK,27.0,38,38,3420.0,38.0,0.0,0.0,0.0,0.0,0.0,0.0,5.0,0.0,0.0,0.0,0.1,0.1,1.0,5.0,0.0,0.0,0.0,0.0,0.0,0.0,0.0,0.0,0.0,0.0,0.0,Manchester United
Diogo Dalot,pt POR,DF,24.0,36,35,3174.0,35.3,2.0,3.0,5.0,2.0,0.0,0.0,6.0,1.0,1.7,1.7,2.9,4.6,52.0,124.0,111.0,0.06,0.09,0.14,0.06,0.14,0.05,0.08,0.13,0.05,0.13,Manchester United
Bruno Fernandes,pt POR,"MF,FW",28.0,35,35,3118.0,34.6,10.0,8.0,18.0,6.0,4.0,5.0,9.0,0.0,10.0,6.1,11.8,17.8,86.0,297.0,182.0,0.29,0.23,0.52,0.17,0.4,0.29,0.34,0.63,0.18,0.51,Manchester United
Alejandro Garnacho,ar ARG,FW,19.0,36,30,2565.0,28.5,7.0,4.0,11.0,7.0,0.0,0.0,4.0,0.0,8.4,8.3,5.1,13.4,178.0,62.0,281.0,0.25,0.14,0.39,0.25,0.39,0.29,0.18,0.47,0.29,0.47,Manchester United
Marcus Rashford,eng ENG,FW,25.0,33,26,2271.0,25.2,7.0,2.0,9.0,5.0,2.0,2.0,2.0,0.0,7.4,5.8,2.3,8.1,95.0,65.0,184.0,0.28,0.08,0.36,0.2,0.28,0.29,0.09,0.38,0.23,0.32,Manchester United
Rasmus Højlund,dk DEN,FW,20.0,30,25,2158.0,24.0,10.0,2.0,12.0,10.0,0.0,0.0,2.0,0.0,7.6,7.6,1.6,9.2,36.0,33.0,111.0,0.42,0.08,0.5,0.42,0.5,0.32,0.07,0.38,0.32,0.38,Manchester United
Casemiro,br BRA,"MF,DF",31.0,25,24,1982.0,22.0,1.0,2.0,3.0,1.0,0.0,0.0,7.0,0.0,3.5,3.5,1.0,4.5,12.0,112.0,36.0,0.05,0.09,0.14,0.05,0.14,0.16,0.05,0.2,0.16,0.2,Manchester United
Kobbie Mainoo,eng ENG,MF,18.0,24,24,1924.0,21.4,3.0,1.0,4.0,3.0,0.0,0.0,3.0,0.0,0.9,0.9,0.7,1.6,25.0,64.0,36.0,0.14,0.05,0.19,0.14,0.19,0.04,0.03,0.07,0.04,0.07,Manchester United
Aaron Wan-Bissaka,eng ENG,DF,25.0,22,20,1780.0,19.8,0.0,2.0,2.0,0.0,0.0,0.0,4.0,0.0,0.1,0.1,1.5,1.6,30.0,77.0,54.0,0.0,0.1,0.1,0.0,0.1,0.01,0.08,0.08,0.01,0.08,Manchester United
Scott McTominay,sct SCO,"MF,FW",26.0,32,18,1901.0,21.1,7.0,1.0,8.0,7.0,0.0,0.0,2.0,0.0,5.7,5.7,0.8,6.6,29.0,64.0,47.0,0.33,0.05,0.38,0.33,0.38,0.27,0.04,0.31,0.27,0.31,Manchester United
Harry Maguire,eng ENG,DF,30.0,22,18,1653.0,18.4,2.0,2.0,4.0,2.0,0.0,0.0,4.0,0.0,2.0,2.0,1.2,3.3,20.0,73.0,2.0,0.11,0.11,0.22,0.11,0.22,0.11,0.07,0.18,0.11,0.18,Manchester United
Raphaël Varane,fr FRA,DF,30.0,22,16,1375.0,15.3,1.0,0.0,1.0,1.0,0.0,0.0,2.0,0.0,1.3,1.3,0.1,1.3,16.0,59.0,2.0,0.07,0.0,0.07,0.07,0.07,0.08,0.0,0.09,0.08,0.09,Manchester United
Jonny Evans,nir NIR,DF,35.0,23,15,1392.0,15.5,0.0,1.0,1.0,0.0,0.0,0.0,2.0,0.0,0.1,0.1,1.2,1.2,7.0,37.0,1.0,0.0,0.06,0.06,0.0,0.06,0.0,0.08,0.08,0.0,0.08,Manchester United
Antony,br BRA,FW,23.0,29,15,1324.0,14.7,1.0,1.0,2.0,1.0,0.0,0.0,5.0,0.0,3.4,3.4,2.8,6.1,53.0,64.0,149.0,0.07,0.07,0.14,0.07,0.14,0.23,0.19,0.42,0.23,0.42,Manchester United
Victor Lindelöf,se SWE,DF,29.0,19,14,1328.0,14.8,1.0,1.0,2.0,1.0,0.0,0.0,2.0,0.0,0.8,0.8,0.3,1.1,17.0,40.0,17.0,0.07,0.07,0.14,0.07,0.14,0.05,0.02,0.07,0.05,0.07,Manchester United
Christian Eriksen,dk DEN,MF,31.0,22,12,1141.0,12.7,1.0,2.0,3.0,1.0,0.0,0.0,1.0,0.0,1.0,1.0,2.3,3.3,20.0,68.0,23.0,0.08,0.16,0.24,0.08,0.24,0.08,0.18,0.26,0.08,0.26,Manchester United
Luke Shaw,eng ENG,DF,28.0,12,12,959.0,10.7,0.0,0.0,0.0,0.0,0.0,0.0,6.0,0.0,0.0,0.0,1.0,1.0,10.0,45.0,30.0,0.0,0.0,0.0,0.0,0.0,0.0,0.09,0.1,0.0,0.1,Manchester United
Sofyan Amrabat,ma MAR,"MF,DF",26.0,21,10,938.0,10.4,0.0,0.0,0.0,0.0,0.0,0.0,6.0,0.0,0.1,0.1,0.3,0.4,6.0,66.0,10.0,0.0,0.0,0.0,0.0,0.0,0.01,0.03,0.04,0.01,0.04,Manchester United
Lisandro Martínez,ar ARG,DF,25.0,11,8,646.0,7.2,0.0,1.0,1.0,0.0,0.0,0.0,3.0,0.0,0.0,0.0,0.1,0.1,8.0,28.0,1.0,0.0,0.14,0.14,0.0,0.14,0.0,0.01,0.01,0.0,0.01,Manchester United
Mason Mount,eng ENG,"MF,FW",24.0,14,5,516.0,5.7,1.0,0.0,1.0,1.0,0.0,0.0,2.0,0.0,0.4,0.4,0.3,0.7,9.0,21.0,34.0,0.17,0.0,0.17,0.17,0.17,0.07,0.06,0.13,0.07,0.13,Manchester United
Anthony Martial,fr FRA,FW,27.0,13,5,448.0,5.0,1.0,0.0,1.0,1.0,0.0,0.0,0.0,0.0,1.2,1.2,0.2,1.5,6.0,12.0,36.0,0.2,0.0,0.2,0.2,0.2,0.25,0.05,0.29,0.25,0.29,Manchester United
Sergio Reguilón,es ESP,DF,26.0,9,4,412.0,4.6,0.0,0.0,0.0,0.0,0.0,0.0,3.0,0.0,0.2,0.2,0.7,0.9,11.0,27.0,38.0,0.0,0.0,0.0,0.0,0.0,0.04,0.16,0.2,0.04,0.2,Manchester United
Amad Diallo,ci CIV,"FW,MF",21.0,9,3,390.0,4.3,1.0,1.0,2.0,1.0,0.0,0.0,1.0,0.0,0.5,0.5,1.1,1.6,11.0,10.0,31.0,0.23,0.23,0.46,0.23,0.46,0.12,0.24,0.36,0.12,0.36,Manchester United
Willy Kambwala,fr FRA,DF,18.0,8,3,330.0,3.7,0.0,0.0,0.0,0.0,0.0,0.0,1.0,0.0,0.0,0.0,0.0,0.0,2.0,8.0,1.0,0.0,0.0,0.0,0.0,0.0,0.0,0.0,0.0,0.0,0.0,Manchester United
Facundo Pellistri,uy URU,"FW,MF",21.0,9,1,172.0,1.9,0.0,1.0,1.0,0.0,0.0,0.0,0.0,0.0,0.7,0.7,0.1,0.8,6.0,6.0,31.0,0.0,0.52,0.52,0.0,0.52,0.38,0.05,0.43,0.38,0.43,Manchester United
Hannibal Mejbri,tn TUN,"MF,FW",20.0,5,1,133.0,1.5,1.0,0.0,1.0,1.0,0.0,0.0,1.0,0.0,0.0,0.0,0.4,0.4,2.0,6.0,10.0,0.68,0.0,0.68,0.68,0.68,0.02,0.25,0.27,0.02,0.27,Manchester United
Omari Forson,eng ENG,FW,19.0,4,1,70.0,0.8,0.0,1.0,1.0,0.0,0.0,0.0,0.0,0.0,0.0,0.0,0.2,0.2,1.0,2.0,2.0,0.0,1.29,1.29,0.0,1.29,0.04,0.23,0.27,0.04,0.27,Manchester United
Jadon Sancho,eng ENG,"FW,MF",23.0,3,0,79.0,0.9,0.0,0.0,0.0,0.0,0.0,0.0,0.0,0.0,0.0,0.0,0.1,0.1,10.0,4.0,5.0,0.0,0.0,0.0,0.0,0.0,0.0,0.06,0.06,0.0,0.06,Manchester United
Ethan Wheatley,eng ENG,FW,17.0,3,0,16.0,0.2,0.0,0.0,0.0,0.0,0.0,0.0,0.0,0.0,0.0,0.0,0.0,0.0,0.0,0.0,1.0,0.0,0.0,0.0,0.0,0.0,0.0,0.0,0.0,0.0,0.0,Manchester United
Donny van de Beek,nl NED,DF,26.0,1,0,3.0,0.0,0.0,0.0,0.0,0.0,0.0,0.0,0.0,0.0,0.0,0.0,0.1,0.2,0.0,0.0,1.0,0.0,0.0,0.0,0.0,0.0,1.09,4.44,5.54,1.09,5.54,Manchester United
Daniel Gore,eng ENG,MF,18.0,1,0,1.0,0.0,0.0,0.0,0.0,0.0,0.0,0.0,0.0,0.0,0.0,0.0,0.0,0.0,0.0,0.0,0.0,0.0,0.0,0.0,0.0,0.0,0.0,0.0,0.0,0.0,0.0,Manchester United
Ollie Watkins,eng ENG,FW,27.0,37,37,3217.0,35.7,19.0,13.0,32.0,19.0,0.0,0.0,4.0,0.0,16.8,16.8,7.3,24.2,62.0,55.0,214.0,0.53,0.36,0.9,0.53,0.9,0.47,0.21,0.68,0.47,0.68,Aston Villa
Ezri Konsa,eng ENG,DF,25.0,35,35,3069.0,34.1,1.0,0.0,1.0,1.0,0.0,0.0,5.0,0.0,2.5,2.5,0.5,3.0,37.0,136.0,33.0,0.03,0.0,0.03,0.03,0.03,0.07,0.02,0.09,0.07,0.09,Aston Villa
John McGinn,sct SCO,"MF,FW",28.0,35,35,2999.0,33.3,6.0,4.0,10.0,6.0,0.0,0.0,9.0,1.0,5.0,5.0,4.6,9.6,59.0,189.0,84.0,0.18,0.12,0.3,0.18,0.3,0.15,0.14,0.29,0.15,0.29,Aston Villa
Douglas Luiz,br BRA,MF,25.0,35,35,2993.0,33.3,9.0,5.0,14.0,5.0,4.0,4.0,12.0,0.0,6.9,3.8,5.4,9.2,60.0,168.0,50.0,0.27,0.15,0.42,0.15,0.3,0.21,0.16,0.37,0.11,0.28,Aston Villa
Emiliano Martínez,ar ARG,GK,30.0,34,34,3015.0,33.5,0.0,0.0,0.0,0.0,0.0,0.0,4.0,0.0,0.0,0.0,0.0,0.0,0.0,2.0,0.0,0.0,0.0,0.0,0.0,0.0,0.0,0.0,0.0,0.0,0.0,Aston Villa
Pau Torres,es ESP,DF,26.0,29,27,2464.0,27.4,2.0,0.0,2.0,2.0,0.0,0.0,1.0,0.0,1.0,1.0,0.4,1.4,42.0,128.0,16.0,0.07,0.0,0.07,0.07,0.07,0.04,0.02,0.05,0.04,0.05,Aston Villa
Lucas Digne,fr FRA,DF,30.0,33,27,2410.0,26.8,1.0,3.0,4.0,1.0,0.0,0.0,7.0,0.0,1.1,1.1,4.1,5.2,42.0,77.0,200.0,0.04,0.11,0.15,0.04,0.15,0.04,0.15,0.19,0.04,0.19,Aston Villa
Moussa Diaby,fr FRA,"FW,MF",24.0,38,25,2174.0,24.2,6.0,8.0,14.0,6.0,0.0,0.0,1.0,0.0,7.0,7.0,6.6,13.6,94.0,72.0,183.0,0.25,0.33,0.58,0.25,0.58,0.29,0.27,0.56,0.29,0.56,Aston Villa
Matty Cash,pl POL,DF,25.0,29,23,2142.0,23.8,2.0,2.0,4.0,2.0,0.0,0.0,8.0,0.0,4.2,4.2,2.3,6.5,62.0,88.0,101.0,0.08,0.08,0.17,0.08,0.17,0.18,0.1,0.27,0.18,0.27,Aston Villa
Leon Bailey,jm JAM,"MF,FW",25.0,35,22,2068.0,23.0,10.0,9.0,19.0,10.0,0.0,0.0,5.0,0.0,6.3,6.3,9.2,15.5,102.0,82.0,226.0,0.44,0.39,0.83,0.44,0.83,0.27,0.4,0.67,0.27,0.67,Aston Villa
Diego Carlos,br BRA,DF,30.0,27,20,1816.0,20.2,0.0,0.0,0.0,0.0,0.0,0.0,4.0,0.0,1.9,1.9,0.1,2.0,4.0,59.0,1.0,0.0,0.0,0.0,0.0,0.0,0.1,0.0,0.1,0.1,0.1,Aston Villa
Boubacar Kamara,fr FRA,MF,23.0,20,20,1652.0,18.4,0.0,1.0,1.0,0.0,0.0,0.0,7.0,1.0,0.1,0.1,1.3,1.4,19.0,83.0,10.0,0.0,0.05,0.05,0.0,0.05,0.01,0.07,0.08,0.01,0.08,Aston Villa
Youri Tielemans,be BEL,"MF,FW",26.0,32,17,1622.0,18.0,2.0,6.0,8.0,2.0,0.0,0.0,3.0,0.0,1.3,1.3,2.6,3.9,23.0,128.0,46.0,0.11,0.33,0.44,0.11,0.44,0.07,0.14,0.21,0.07,0.21,Aston Villa
Clément Lenglet,fr FRA,DF,28.0,14,14,1153.0,12.8,0.0,1.0,1.0,0.0,0.0,0.0,3.0,0.0,0.9,0.9,0.8,1.6,26.0,51.0,1.0,0.0,0.08,0.08,0.0,0.08,0.07,0.06,0.13,0.07,0.13,Aston Villa
Álex Moreno,es ESP,DF,30.0,21,11,1031.0,11.5,2.0,0.0,2.0,2.0,0.0,0.0,2.0,0.0,1.1,1.1,1.1,2.3,32.0,24.0,83.0,0.17,0.0,0.17,0.17,0.17,0.1,0.1,0.2,0.1,0.2,Aston Villa
Nicolò Zaniolo,it ITA,"FW,MF",24.0,25,9,839.0,9.3,2.0,0.0,2.0,2.0,0.0,0.0,7.0,0.0,2.6,2.6,1.0,3.6,35.0,30.0,60.0,0.21,0.0,0.21,0.21,0.21,0.28,0.11,0.39,0.28,0.39,Aston Villa
Jacob Ramsey,eng ENG,"FW,MF",22.0,16,8,853.0,9.5,1.0,1.0,2.0,1.0,0.0,0.0,2.0,0.0,2.2,2.2,1.0,3.2,33.0,28.0,69.0,0.11,0.11,0.21,0.11,0.21,0.23,0.11,0.34,0.23,0.34,Aston Villa
Morgan Rogers,eng ENG,"MF,FW",21.0,11,8,638.0,7.1,3.0,1.0,4.0,3.0,0.0,0.0,3.0,0.0,1.4,1.4,0.6,2.0,22.0,28.0,30.0,0.42,0.14,0.56,0.42,0.56,0.19,0.09,0.28,0.19,0.28,Aston Villa
Robin Olsen,se SWE,GK,33.0,5,4,405.0,4.5,0.0,0.0,0.0,0.0,0.0,0.0,0.0,0.0,0.0,0.0,0.0,0.0,0.0,0.0,0.0,0.0,0.0,0.0,0.0,0.0,0.0,0.0,0.0,0.0,0.0,Aston Villa
Jhon Durán,co COL,"FW,MF",19.0,23,3,475.0,5.3,5.0,0.0,5.0,5.0,0.0,0.0,5.0,0.0,2.0,2.0,0.3,2.3,9.0,9.0,25.0,0.95,0.0,0.95,0.95,0.95,0.38,0.06,0.44,0.38,0.44,Aston Villa
Tim Iroegbunam,eng ENG,MF,20.0,9,1,164.0,1.8,0.0,0.0,0.0,0.0,0.0,0.0,0.0,0.0,0.0,0.0,0.0,0.0,3.0,1.0,0.0,0.0,0.0,0.0,0.0,0.0,0.0,0.0,0.0,0.0,0.0,Aston Villa
Calum Chambers,eng ENG,"MF,DF",28.0,5,1,152.0,1.7,0.0,1.0,1.0,0.0,0.0,0.0,1.0,0.0,0.0,0.0,0.1,0.1,0.0,5.0,1.0,0.0,0.59,0.59,0.0,0.59,0.0,0.06,0.06,0.0,0.06,Aston Villa
Leander Dendoncker,be BEL,MF,28.0,8,1,119.0,1.3,1.0,0.0,1.0,1.0,0.0,0.0,0.0,0.0,0.7,0.7,0.0,0.7,0.0,3.0,2.0,0.76,0.0,0.76,0.76,0.76,0.56,0.0,0.56,0.56,0.56,Aston Villa
Tyrone Mings,eng ENG,DF,30.0,1,1,30.0,0.3,0.0,0.0,0.0,0.0,0.0,0.0,0.0,0.0,0.0,0.0,0.0,0.0,0.0,0.0,0.0,0.0,0.0,0.0,0.0,0.0,0.02,0.07,0.09,0.02,0.09,Aston Villa
Omari Kellyman,eng ENG,FW,17.0,2,0,37.0,0.4,0.0,0.0,0.0,0.0,0.0,0.0,0.0,0.0,0.1,0.1,0.0,0.1,1.0,0.0,0.0,0.0,0.0,0.0,0.0,0.0,0.17,0.0,0.17,0.17,0.17,Aston Villa
Philippe Coutinho,br BRA,"MF,FW",31.0,2,0,25.0,0.3,0.0,0.0,0.0,0.0,0.0,0.0,0.0,0.0,0.1,0.1,0.0,0.1,5.0,5.0,2.0,0.0,0.0,0.0,0.0,0.0,0.52,0.0,0.52,0.52,0.52,Aston Villa
Bertrand Traoré,bf BFA,"DF,FW",27.0,2,0,11.0,0.1,0.0,0.0,0.0,0.0,0.0,0.0,0.0,0.0,0.0,0.0,0.0,0.0,0.0,0.0,0.0,0.0,0.0,0.0,0.0,0.0,0.0,0.0,0.0,0.0,0.0,Aston Villa
Cameron Archer,eng ENG,MF,22.0,1,0,6.0,0.1,0.0,0.0,0.0,0.0,0.0,0.0,1.0,0.0,0.0,0.0,0.0,0.0,1.0,0.0,0.0,0.0,0.0,0.0,0.0,0.0,0.0,0.0,0.0,0.0,0.0,Aston Villa
Kaine Kesler-Hayden,eng ENG,"MF,DF",20.0,3,0,6.0,0.1,0.0,0.0,0.0,0.0,0.0,0.0,0.0,0.0,0.0,0.0,0.0,0.0,0.0,0.0,0.0,0.0,0.0,0.0,0.0,0.0,0.0,0.0,0.0,0.0,0.0,Aston Villa
Finley Munroe,eng ENG,MF,18.0,1,0,4.0,0.0,0.0,0.0,0.0,0.0,0.0,0.0,0.0,0.0,0.0,0.0,0.0,0.0,0.0,0.0,0.0,0.0,0.0,0.0,0.0,0.0,0.0,0.0,0.0,0.0,0.0,Aston Villa
Jaden Philogene Bidace,eng ENG,FW,21.0,1,0,4.0,0.0,0.0,0.0,0.0,0.0,0.0,0.0,0.0,0.0,0.0,0.0,0.0,0.0,2.0,0.0,1.0,0.0,0.0,0.0,0.0,0.0,0.0,0.0,0.0,0.0,0.0,Aston Villa
Vladimír Coufal,cz CZE,DF,30.0,36,36,3132.0,34.8,0.0,7.0,7.0,0.0,0.0,0.0,7.0,1.0,0.3,0.3,4.0,4.3,68.0,119.0,126.0,0.0,0.2,0.2,0.0,0.2,0.01,0.11,0.12,0.01,0.12,West Ham United
Emerson Palmieri,it ITA,DF,28.0,36,35,3137.0,34.9,1.0,2.0,3.0,1.0,0.0,0.0,10.0,0.0,1.5,1.5,2.4,3.9,59.0,125.0,124.0,0.03,0.06,0.09,0.03,0.09,0.04,0.07,0.11,0.04,0.11,West Ham United
Jarrod Bowen,eng ENG,FW,26.0,34,34,3019.0,33.5,16.0,6.0,22.0,16.0,0.0,0.0,2.0,0.0,11.6,11.6,5.5,17.2,90.0,52.0,186.0,0.48,0.18,0.66,0.48,0.66,0.35,0.16,0.51,0.35,0.51,West Ham United
James Ward-Prowse,eng ENG,MF,28.0,37,34,3001.0,33.3,7.0,7.0,14.0,5.0,2.0,2.0,4.0,0.0,6.0,4.4,7.8,12.3,18.0,144.0,63.0,0.21,0.21,0.42,0.15,0.36,0.18,0.23,0.41,0.13,0.37,West Ham United
Tomáš Souček,cz CZE,MF,28.0,37,34,2870.0,31.9,7.0,2.0,9.0,7.0,0.0,0.0,7.0,0.0,6.7,6.7,1.7,8.4,7.0,86.0,39.0,0.22,0.06,0.28,0.22,0.28,0.21,0.05,0.26,0.21,0.26,West Ham United
Kurt Zouma,fr FRA,DF,28.0,33,32,2838.0,31.5,3.0,0.0,3.0,3.0,0.0,0.0,3.0,0.0,1.8,1.8,0.2,2.0,7.0,53.0,1.0,0.1,0.0,0.1,0.1,0.1,0.06,0.01,0.06,0.06,0.06,West Ham United
Alphonse Areola,fr FRA,GK,30.0,31,31,2699.0,30.0,0.0,0.0,0.0,0.0,0.0,0.0,1.0,0.0,0.0,0.0,0.0,0.0,0.0,1.0,0.0,0.0,0.0,0.0,0.0,0.0,0.0,0.0,0.0,0.0,0.0,West Ham United
Lucas Paquetá,br BRA,"FW,MF",25.0,31,31,2622.0,29.1,4.0,6.0,10.0,2.0,2.0,2.0,10.0,0.0,5.4,3.8,5.4,9.2,34.0,187.0,116.0,0.14,0.21,0.34,0.07,0.27,0.18,0.18,0.37,0.13,0.32,West Ham United
Edson Álvarez,mx MEX,MF,25.0,31,28,2377.0,26.4,1.0,1.0,2.0,1.0,0.0,0.0,11.0,0.0,1.3,1.3,0.6,1.9,20.0,91.0,26.0,0.04,0.04,0.08,0.04,0.08,0.05,0.02,0.07,0.05,0.07,West Ham United
Mohammed Kudus,gh GHA,"FW,MF",22.0,33,27,2484.0,27.6,8.0,6.0,14.0,8.0,0.0,0.0,6.0,0.0,5.1,5.1,3.5,8.6,117.0,80.0,216.0,0.29,0.22,0.51,0.29,0.51,0.19,0.13,0.31,0.19,0.31,West Ham United
Nayef Aguerd,ma MAR,DF,27.0,21,21,1857.0,20.6,1.0,0.0,1.0,1.0,0.0,0.0,3.0,1.0,1.5,1.5,0.3,1.8,10.0,68.0,3.0,0.05,0.0,0.05,0.05,0.05,0.07,0.01,0.09,0.07,0.09,West Ham United
Michail Antonio,jm JAM,FW,33.0,26,21,1695.0,18.8,6.0,2.0,8.0,6.0,0.0,0.0,6.0,0.0,5.8,5.8,0.9,6.7,48.0,22.0,104.0,0.32,0.11,0.42,0.32,0.42,0.31,0.05,0.35,0.31,0.35,West Ham United
Konstantinos Mavropanos,gr GRE,DF,25.0,19,16,1500.0,16.7,1.0,0.0,1.0,1.0,0.0,0.0,2.0,0.0,1.2,1.2,0.2,1.4,10.0,38.0,2.0,0.06,0.0,0.06,0.06,0.06,0.07,0.01,0.08,0.07,0.08,West Ham United
Łukasz Fabiański,pl POL,GK,38.0,10,7,721.0,8.0,0.0,0.0,0.0,0.0,0.0,0.0,0.0,0.0,0.0,0.0,0.0,0.0,0.0,1.0,0.0,0.0,0.0,0.0,0.0,0.0,0.0,0.0,0.0,0.0,0.0,West Ham United
Angelo Ogbonna,it ITA,DF,35.0,11,7,635.0,7.1,0.0,0.0,0.0,0.0,0.0,0.0,1.0,0.0,0.0,0.0,0.0,0.0,2.0,4.0,0.0,0.0,0.0,0.0,0.0,0.0,0.01,0.0,0.01,0.01,0.01,West Ham United
Saïd Benrahma,dz ALG,"FW,MF",27.0,13,5,620.0,6.9,0.0,1.0,1.0,0.0,0.0,1.0,1.0,0.0,1.8,1.0,1.4,2.5,28.0,28.0,70.0,0.0,0.15,0.15,0.0,0.15,0.27,0.21,0.47,0.15,0.36,West Ham United
Ben Johnson,eng ENG,"DF,FW",23.0,14,4,544.0,6.0,0.0,0.0,0.0,0.0,0.0,0.0,1.0,0.0,0.2,0.2,0.0,0.2,17.0,22.0,33.0,0.0,0.0,0.0,0.0,0.0,0.03,0.0,0.03,0.03,0.03,West Ham United
Aaron Cresswell,eng ENG,"DF,FW",33.0,11,4,436.0,4.8,0.0,0.0,0.0,0.0,0.0,0.0,1.0,0.0,0.0,0.0,0.4,0.4,4.0,26.0,6.0,0.0,0.0,0.0,0.0,0.0,0.0,0.09,0.09,0.0,0.09,West Ham United
Pablo Fornals,es ESP,"MF,FW",27.0,15,4,426.0,4.7,0.0,0.0,0.0,0.0,0.0,0.0,0.0,0.0,0.3,0.3,0.3,0.6,4.0,29.0,27.0,0.0,0.0,0.0,0.0,0.0,0.07,0.07,0.13,0.07,0.13,West Ham United
Danny Ings,eng ENG,FW,31.0,20,3,404.0,4.5,1.0,0.0,1.0,1.0,0.0,0.0,1.0,0.0,1.3,1.3,0.3,1.5,7.0,8.0,29.0,0.22,0.0,0.22,0.22,0.22,0.28,0.06,0.34,0.28,0.34,West Ham United
Kalvin Phillips,eng ENG,MF,27.0,8,3,309.0,3.4,0.0,0.0,0.0,0.0,0.0,0.0,3.0,1.0,0.1,0.1,0.0,0.1,3.0,19.0,4.0,0.0,0.0,0.0,0.0,0.0,0.02,0.0,0.02,0.02,0.02,West Ham United
Maxwel Cornet,ci CIV,"MF,FW",26.0,7,1,112.0,1.2,1.0,0.0,1.0,1.0,0.0,0.0,0.0,0.0,0.4,0.4,0.2,0.6,3.0,2.0,8.0,0.8,0.0,0.8,0.8,0.8,0.32,0.13,0.46,0.32,0.46,West Ham United
Divin Mubama,eng ENG,FW,18.0,5,0,80.0,0.9,0.0,0.0,0.0,0.0,0.0,0.0,0.0,0.0,0.1,0.1,0.0,0.1,0.0,0.0,5.0,0.0,0.0,0.0,0.0,0.0,0.17,0.0,0.17,0.17,0.17,West Ham United
George Earthy,eng ENG,FW,18.0,3,0,34.0,0.4,1.0,0.0,1.0,1.0,0.0,0.0,0.0,0.0,0.3,0.3,0.0,0.3,0.0,1.0,3.0,2.65,0.0,2.65,2.65,2.65,0.82,0.0,0.82,0.82,0.82,West Ham United
Thilo Kehrer,de GER,"DF,MF",26.0,4,0,22.0,0.2,0.0,0.0,0.0,0.0,0.0,0.0,2.0,0.0,0.0,0.0,0.0,0.0,0.0,1.0,1.0,0.0,0.0,0.0,0.0,0.0,0.0,0.0,0.0,0.0,0.0,West Ham United
Kaelan Casey,eng ENG,DF,18.0,1,0,1.0,0.0,0.0,0.0,0.0,0.0,0.0,0.0,0.0,0.0,0.0,0.0,0.0,0.0,0.0,0.0,0.0,0.0,0.0,0.0,0.0,0.0,0.0,0.0,0.0,0.0,0.0,West Ham United
Joachim Andersen,dk DEN,DF,27.0,38,38,3415.0,37.9,2.0,3.0,5.0,2.0,0.0,0.0,7.0,0.0,1.7,1.7,2.8,4.5,21.0,147.0,10.0,0.05,0.08,0.13,0.05,0.13,0.04,0.07,0.12,0.04,0.12,Crystal Palace
Tyrick Mitchell,eng ENG,"DF,MF",23.0,37,37,3204.0,35.6,2.0,3.0,5.0,2.0,0.0,0.0,6.0,0.0,1.6,1.6,2.8,4.4,32.0,94.0,159.0,0.06,0.08,0.14,0.06,0.14,0.04,0.08,0.12,0.04,0.12,Crystal Palace
Jordan Ayew,gh GHA,"FW,MF",31.0,35,30,2543.0,28.3,4.0,7.0,11.0,4.0,0.0,0.0,9.0,1.0,3.9,3.9,4.2,8.1,74.0,63.0,173.0,0.14,0.25,0.39,0.14,0.39,0.14,0.15,0.29,0.14,0.29,Crystal Palace
Jefferson Lerma,co COL,"MF,DF",28.0,28,27,2400.0,26.7,1.0,1.0,2.0,1.0,0.0,0.0,8.0,0.0,2.7,2.7,2.2,4.8,14.0,106.0,51.0,0.04,0.04,0.07,0.04,0.07,0.1,0.08,0.18,0.1,0.18,Crystal Palace
Jean-Philippe Mateta,fr FRA,FW,26.0,35,25,2282.0,25.4,16.0,5.0,21.0,14.0,2.0,2.0,3.0,0.0,10.9,9.4,3.1,12.5,29.0,25.0,135.0,0.63,0.2,0.83,0.55,0.75,0.43,0.12,0.56,0.37,0.49,Crystal Palace
Eberechi Eze,eng ENG,"MF,FW",25.0,27,24,2055.0,22.8,11.0,4.0,15.0,10.0,1.0,1.0,3.0,0.0,9.1,8.3,5.2,13.5,68.0,93.0,139.0,0.48,0.18,0.66,0.44,0.61,0.4,0.23,0.62,0.36,0.59,Crystal Palace
Chris Richards,us USA,"DF,MF",23.0,26,23,2094.0,23.3,1.0,1.0,2.0,1.0,0.0,0.0,3.0,0.0,0.6,0.6,0.4,1.0,1.0,43.0,1.0,0.04,0.04,0.09,0.04,0.09,0.03,0.02,0.04,0.03,0.04,Crystal Palace
Marc Guéhi,eng ENG,DF,23.0,25,23,2021.0,22.5,0.0,1.0,1.0,0.0,0.0,0.0,2.0,0.0,0.6,0.6,0.6,1.2,15.0,67.0,7.0,0.0,0.04,0.04,0.0,0.04,0.03,0.03,0.05,0.03,0.05,Crystal Palace
Joel Ward,eng ENG,DF,33.0,26,23,1980.0,22.0,0.0,1.0,1.0,0.0,0.0,0.0,4.0,0.0,0.9,0.9,0.2,1.1,16.0,66.0,14.0,0.0,0.05,0.05,0.0,0.05,0.04,0.01,0.05,0.04,0.05,Crystal Palace
Will Hughes,eng ENG,MF,28.0,30,23,1891.0,21.0,0.0,1.0,1.0,0.0,0.0,0.0,6.0,0.0,0.3,0.3,1.1,1.5,14.0,76.0,17.0,0.0,0.05,0.05,0.0,0.05,0.02,0.05,0.07,0.02,0.07,Crystal Palace
Sam Johnstone,eng ENG,GK,30.0,20,20,1796.0,20.0,0.0,0.0,0.0,0.0,0.0,0.0,1.0,0.0,0.0,0.0,0.0,0.0,0.0,0.0,0.0,0.0,0.0,0.0,0.0,0.0,0.0,0.0,0.0,0.0,0.0,Crystal Palace
Dean Henderson,eng ENG,GK,26.0,18,18,1620.0,18.0,0.0,0.0,0.0,0.0,0.0,0.0,2.0,0.0,0.0,0.0,0.0,0.0,0.0,0.0,0.0,0.0,0.0,0.0,0.0,0.0,0.0,0.0,0.0,0.0,0.0,Crystal Palace
Odsonne Édouard,fr FRA,"FW,MF",25.0,30,17,1555.0,17.3,7.0,0.0,7.0,7.0,0.0,0.0,4.0,0.0,6.2,6.2,1.2,7.4,33.0,36.0,100.0,0.41,0.0,0.41,0.41,0.41,0.36,0.07,0.43,0.36,0.43,Crystal Palace
Jeffrey Schlupp,gh GHA,"FW,MF",30.0,29,17,1352.0,15.0,2.0,2.0,4.0,2.0,0.0,0.0,1.0,0.0,1.8,1.8,2.3,4.1,20.0,33.0,52.0,0.13,0.13,0.27,0.13,0.27,0.12,0.15,0.27,0.12,0.27,Crystal Palace
Daniel Muñoz,co COL,"DF,MF",27.0,16,16,1439.0,16.0,0.0,4.0,4.0,0.0,0.0,0.0,4.0,0.0,1.2,1.2,2.4,3.7,25.0,38.0,80.0,0.0,0.25,0.25,0.0,0.25,0.08,0.15,0.23,0.08,0.23,Crystal Palace
Adam Wharton,eng ENG,MF,19.0,16,15,1297.0,14.4,0.0,3.0,3.0,0.0,0.0,0.0,2.0,0.0,0.3,0.3,2.4,2.8,14.0,79.0,10.0,0.0,0.21,0.21,0.0,0.21,0.02,0.17,0.19,0.02,0.19,Crystal Palace
Nathaniel Clyne,eng ENG,DF,32.0,19,14,1338.0,14.9,0.0,0.0,0.0,0.0,0.0,0.0,0.0,0.0,0.2,0.2,0.2,0.4,10.0,33.0,18.0,0.0,0.0,0.0,0.0,0.0,0.01,0.01,0.03,0.01,0.03,Crystal Palace
Michael Olise,fr FRA,"FW,MF",21.0,19,14,1275.0,14.2,10.0,6.0,16.0,9.0,1.0,1.0,0.0,0.0,5.5,4.7,5.8,10.5,68.0,78.0,134.0,0.71,0.42,1.13,0.64,1.06,0.39,0.41,0.8,0.33,0.74,Crystal Palace
Cheick Doucouré,ml MLI,MF,23.0,11,11,919.0,10.2,0.0,0.0,0.0,0.0,0.0,0.0,2.0,0.0,0.3,0.3,0.7,1.0,9.0,49.0,5.0,0.0,0.0,0.0,0.0,0.0,0.03,0.07,0.1,0.03,0.1,Crystal Palace
Jaïro Riedewald,nl NED,"MF,FW",26.0,9,2,235.0,2.6,0.0,0.0,0.0,0.0,0.0,0.0,0.0,0.0,0.0,0.0,0.0,0.0,3.0,10.0,3.0,0.0,0.0,0.0,0.0,0.0,0.01,0.0,0.01,0.01,0.01,Crystal Palace
Matheus França,br BRA,"MF,FW",19.0,10,1,232.0,2.6,0.0,1.0,1.0,0.0,0.0,0.0,1.0,0.0,0.4,0.4,0.9,1.2,12.0,8.0,12.0,0.0,0.39,0.39,0.0,0.39,0.14,0.34,0.48,0.14,0.48,Crystal Palace
Naouirou Ahamada,fr FRA,"MF,FW",21.0,20,0,349.0,3.9,0.0,0.0,0.0,0.0,0.0,0.0,4.0,1.0,0.5,0.5,0.0,0.5,19.0,25.0,20.0,0.0,0.0,0.0,0.0,0.0,0.13,0.01,0.13,0.13,0.13,Crystal Palace
David Ozoh,eng ENG,"MF,DF",18.0,9,0,156.0,1.7,0.0,0.0,0.0,0.0,0.0,0.0,1.0,0.0,0.0,0.0,0.0,0.0,2.0,4.0,3.0,0.0,0.0,0.0,0.0,0.0,0.0,0.0,0.0,0.0,0.0,Crystal Palace
Jesurun Rak Sakyi,eng ENG,"MF,FW",20.0,6,0,136.0,1.5,0.0,0.0,0.0,0.0,0.0,0.0,0.0,0.0,0.4,0.4,0.2,0.6,7.0,2.0,18.0,0.0,0.0,0.0,0.0,0.0,0.28,0.1,0.38,0.28,0.38,Crystal Palace
James Tomkins,eng ENG,DF,34.0,4,0,10.0,0.1,0.0,0.0,0.0,0.0,0.0,0.0,0.0,0.0,0.0,0.0,0.0,0.0,0.0,1.0,0.0,0.0,0.0,0.0,0.0,0.0,0.0,0.0,0.0,0.0,0.0,Crystal Palace
Remi Matthews,eng ENG,GK,29.0,1,0,4.0,0.0,0.0,0.0,0.0,0.0,0.0,0.0,0.0,0.0,0.0,0.0,0.0,0.0,0.0,0.0,0.0,0.0,0.0,0.0,0.0,0.0,0.0,0.0,0.0,0.0,0.0,Crystal Palace
Bernd Leno,de GER,GK,31.0,38,38,3420.0,38.0,0.0,0.0,0.0,0.0,0.0,0.0,3.0,0.0,0.0,0.0,0.0,0.0,0.0,0.0,0.0,0.0,0.0,0.0,0.0,0.0,0.0,0.0,0.0,0.0,0.0,Fulham
Antonee Robinson,us USA,DF,25.0,37,37,3265.0,36.3,0.0,6.0,6.0,0.0,0.0,0.0,6.0,0.0,0.7,0.7,4.2,4.8,99.0,129.0,194.0,0.0,0.17,0.17,0.0,0.17,0.02,0.11,0.13,0.02,0.13,Fulham
Andreas Pereira,br BRA,MF,27.0,37,34,2613.0,29.0,3.0,7.0,10.0,3.0,0.0,0.0,6.0,0.0,4.6,4.6,7.1,11.7,56.0,138.0,125.0,0.1,0.24,0.34,0.1,0.34,0.16,0.24,0.4,0.16,0.4,Fulham
João Palhinha,pt POR,MF,28.0,33,31,2699.0,30.0,4.0,1.0,5.0,4.0,0.0,0.0,13.0,0.0,3.3,3.3,0.8,4.1,8.0,97.0,14.0,0.13,0.03,0.17,0.13,0.17,0.11,0.03,0.14,0.11,0.14,Fulham
Timothy Castagne,be BEL,DF,27.0,34,29,2634.0,29.3,1.0,3.0,4.0,1.0,0.0,0.0,3.0,0.0,1.6,1.6,1.9,3.5,48.0,77.0,113.0,0.03,0.1,0.14,0.03,0.14,0.06,0.07,0.12,0.06,0.12,Fulham
Calvin Bassey,ng NGA,DF,23.0,29,25,2303.0,25.6,1.0,0.0,1.0,1.0,0.0,0.0,6.0,1.0,0.3,0.3,0.0,0.4,15.0,62.0,4.0,0.04,0.0,0.04,0.04,0.04,0.01,0.0,0.01,0.01,0.01,Fulham
Alex Iwobi,ng NGA,"FW,MF",27.0,30,25,2192.0,24.4,5.0,2.0,7.0,5.0,0.0,0.0,2.0,0.0,5.3,5.3,4.7,10.0,109.0,147.0,175.0,0.21,0.08,0.29,0.21,0.29,0.22,0.19,0.41,0.22,0.41,Fulham
Willian,br BRA,FW,34.0,31,24,2053.0,22.8,4.0,2.0,6.0,2.0,2.0,2.0,1.0,0.0,5.1,3.6,3.9,7.5,92.0,153.0,181.0,0.18,0.09,0.26,0.09,0.18,0.22,0.17,0.4,0.16,0.33,Fulham
Tosin Adarabioyo,eng ENG,DF,25.0,20,18,1617.0,18.0,2.0,0.0,2.0,2.0,0.0,0.0,2.0,0.0,0.7,0.7,0.1,0.8,10.0,62.0,5.0,0.11,0.0,0.11,0.11,0.11,0.04,0.01,0.05,0.04,0.05,Fulham
Rodrigo Muniz,br BRA,FW,22.0,26,18,1593.0,17.7,9.0,1.0,10.0,9.0,0.0,0.0,1.0,0.0,8.7,8.7,2.0,10.7,8.0,19.0,76.0,0.51,0.06,0.56,0.51,0.56,0.49,0.12,0.61,0.49,0.61,Fulham
Raúl Jiménez,mx MEX,FW,32.0,24,18,1395.0,15.5,7.0,0.0,7.0,7.0,0.0,0.0,3.0,1.0,5.2,5.2,1.5,6.6,11.0,24.0,87.0,0.45,0.0,0.45,0.45,0.45,0.33,0.1,0.43,0.33,0.43,Fulham
Tim Ream,us USA,DF,35.0,18,17,1503.0,16.7,1.0,0.0,1.0,1.0,0.0,0.0,4.0,1.0,1.0,1.0,0.0,1.0,11.0,65.0,3.0,0.06,0.0,0.06,0.06,0.06,0.06,0.0,0.06,0.06,0.06,Fulham
Bobby Reid,jm JAM,FW,30.0,33,17,1423.0,15.8,6.0,2.0,8.0,6.0,0.0,0.0,4.0,0.0,4.6,4.6,1.8,6.4,35.0,47.0,95.0,0.38,0.13,0.51,0.38,0.51,0.28,0.11,0.4,0.28,0.4,Fulham
Harry Wilson,wls WAL,FW,26.0,35,16,1620.0,18.0,4.0,6.0,10.0,4.0,0.0,0.0,6.0,0.0,3.4,3.4,3.5,6.8,41.0,60.0,130.0,0.22,0.33,0.56,0.22,0.56,0.19,0.19,0.38,0.19,0.38,Fulham
Issa Diop,fr FRA,DF,26.0,18,16,1424.0,15.8,0.0,0.0,0.0,0.0,0.0,0.0,4.0,1.0,0.3,0.3,0.0,0.3,11.0,66.0,1.0,0.0,0.0,0.0,0.0,0.0,0.02,0.0,0.02,0.02,0.02,Fulham
Harrison Reed,eng ENG,MF,28.0,27,15,1325.0,14.7,0.0,2.0,2.0,0.0,0.0,0.0,6.0,0.0,0.3,0.3,1.1,1.4,10.0,56.0,40.0,0.0,0.14,0.14,0.0,0.14,0.02,0.07,0.09,0.02,0.09,Fulham
Tom Cairney,sct SCO,MF,32.0,34,14,1488.0,16.5,1.0,4.0,5.0,1.0,0.0,0.0,3.0,0.0,1.1,1.1,2.3,3.4,35.0,145.0,72.0,0.06,0.24,0.3,0.06,0.3,0.07,0.14,0.2,0.07,0.2,Fulham
Saša Lukić,rs SRB,MF,26.0,24,13,1122.0,12.5,1.0,0.0,1.0,1.0,0.0,0.0,3.0,0.0,1.6,1.6,0.8,2.4,12.0,43.0,27.0,0.08,0.0,0.08,0.08,0.08,0.13,0.06,0.19,0.13,0.19,Fulham
Kenny Tete,nl NED,DF,27.0,14,10,867.0,9.6,1.0,0.0,1.0,1.0,0.0,0.0,2.0,0.0,0.9,0.9,0.4,1.2,20.0,54.0,38.0,0.1,0.0,0.1,0.1,0.1,0.09,0.04,0.13,0.09,0.13,Fulham
Carlos Vinícius,br BRA,FW,28.0,13,2,315.0,3.5,2.0,0.0,2.0,2.0,0.0,0.0,2.0,0.0,1.6,1.6,0.8,2.4,3.0,3.0,13.0,0.57,0.0,0.57,0.57,0.57,0.46,0.23,0.69,0.46,0.69,Fulham
Adama Traoré,es ESP,"FW,MF",27.0,17,1,377.0,4.2,2.0,3.0,5.0,2.0,0.0,0.0,2.0,0.0,1.5,1.5,0.7,2.2,29.0,16.0,48.0,0.48,0.72,1.19,0.48,1.19,0.36,0.17,0.53,0.36,0.53,Fulham
Armando Broja,al ALB,FW,21.0,8,0,88.0,1.0,0.0,1.0,1.0,0.0,0.0,0.0,0.0,0.0,0.0,0.0,0.4,0.4,2.0,2.0,7.0,0.0,1.02,1.02,0.0,1.02,0.0,0.41,0.41,0.0,0.41,Fulham
Luke Harris,wls WAL,MF,18.0,1,0,75.0,0.8,0.0,0.0,0.0,0.0,0.0,0.0,0.0,0.0,0.3,0.3,0.0,0.3,0.0,1.0,0.0,0.0,0.0,0.0,0.0,0.0,0.33,0.0,0.33,0.33,0.33,Fulham
Fodé Ballo-Touré,sn SEN,"DF,MF",26.0,6,0,71.0,0.8,0.0,0.0,0.0,0.0,0.0,0.0,1.0,0.0,0.0,0.0,0.0,0.0,5.0,0.0,4.0,0.0,0.0,0.0,0.0,0.0,0.0,0.0,0.0,0.0,0.0,Fulham
Aleksandar Mitrović,rs SRB,FW,28.0,1,0,33.0,0.4,0.0,0.0,0.0,0.0,0.0,0.0,0.0,0.0,0.2,0.2,0.0,0.2,0.0,1.0,0.0,0.0,0.0,0.0,0.0,0.0,0.44,0.0,0.44,0.44,0.44,Fulham
Jordan Pickford,eng ENG,GK,29.0,38,38,3420.0,38.0,0.0,0.0,0.0,0.0,0.0,0.0,5.0,0.0,0.0,0.0,0.1,0.1,1.0,6.0,0.0,0.0,0.0,0.0,0.0,0.0,0.0,0.0,0.0,0.0,0.0,Everton
James Tarkowski,eng ENG,DF,30.0,38,38,3419.0,38.0,1.0,1.0,2.0,1.0,0.0,0.0,11.0,0.0,2.6,2.6,2.5,5.1,15.0,130.0,20.0,0.03,0.03,0.05,0.03,0.05,0.07,0.06,0.13,0.07,0.13,Everton
Jarrad Branthwaite,eng ENG,DF,21.0,35,35,3116.0,34.6,3.0,0.0,3.0,3.0,0.0,0.0,8.0,0.0,1.7,1.7,1.0,2.8,2.0,74.0,6.0,0.09,0.0,0.09,0.09,0.09,0.05,0.03,0.08,0.05,0.08,Everton
James Garner,eng ENG,MF,22.0,37,34,3004.0,33.4,1.0,2.0,3.0,1.0,0.0,0.0,7.0,0.0,2.7,2.7,4.6,7.3,36.0,100.0,76.0,0.03,0.06,0.09,0.03,0.09,0.08,0.14,0.22,0.08,0.22,Everton
Dwight McNeil,eng ENG,"MF,FW",23.0,35,33,2892.0,32.1,3.0,6.0,9.0,3.0,0.0,0.0,2.0,0.0,3.4,3.4,8.8,12.2,80.0,114.0,147.0,0.09,0.19,0.28,0.09,0.28,0.11,0.27,0.38,0.11,0.38,Everton
Abdoulaye Doucouré,ml MLI,"FW,MF",30.0,32,32,2629.0,29.2,7.0,1.0,8.0,7.0,0.0,0.0,7.0,0.0,8.8,8.8,2.9,11.6,55.0,97.0,140.0,0.24,0.03,0.27,0.24,0.27,0.3,0.1,0.4,0.3,0.4,Everton
Vitaliy Mykolenko,ua UKR,DF,24.0,28,28,2469.0,27.4,2.0,0.0,2.0,2.0,0.0,0.0,1.0,0.0,1.5,1.5,0.9,2.4,14.0,55.0,68.0,0.07,0.0,0.07,0.07,0.07,0.06,0.03,0.09,0.06,0.09,Everton
Ashley Young,eng ENG,"DF,MF",38.0,31,27,2280.0,25.3,0.0,0.0,0.0,0.0,0.0,0.0,7.0,1.0,0.6,0.6,1.5,2.1,40.0,82.0,61.0,0.0,0.0,0.0,0.0,0.0,0.02,0.06,0.08,0.02,0.08,Everton
Dominic Calvert-Lewin,eng ENG,FW,26.0,32,26,2171.0,24.1,7.0,2.0,9.0,5.0,2.0,2.0,2.0,0.0,12.9,11.4,3.1,14.5,36.0,31.0,122.0,0.29,0.08,0.37,0.21,0.29,0.54,0.13,0.66,0.47,0.6,Everton
Jack Harrison,eng ENG,"MF,FW",26.0,29,25,2214.0,24.6,3.0,3.0,6.0,3.0,0.0,0.0,1.0,0.0,3.6,3.6,3.4,7.0,65.0,62.0,135.0,0.12,0.12,0.24,0.12,0.24,0.14,0.14,0.28,0.14,0.28,Everton
Idrissa Gana Gueye,sn SEN,MF,33.0,25,24,1884.0,20.9,4.0,0.0,4.0,4.0,0.0,0.0,8.0,0.0,1.3,1.3,1.1,2.4,29.0,83.0,41.0,0.19,0.0,0.19,0.19,0.19,0.06,0.05,0.12,0.06,0.12,Everton
Amadou Onana,be BEL,MF,21.0,30,23,2091.0,23.2,2.0,0.0,2.0,2.0,0.0,0.0,5.0,0.0,2.0,2.0,2.7,4.7,21.0,107.0,39.0,0.09,0.0,0.09,0.09,0.09,0.09,0.11,0.2,0.09,0.2,Everton
Ben Godfrey,eng ENG,DF,25.0,15,13,1120.0,12.4,0.0,0.0,0.0,0.0,0.0,0.0,2.0,0.0,1.7,1.7,0.3,2.0,11.0,43.0,26.0,0.0,0.0,0.0,0.0,0.0,0.14,0.02,0.16,0.14,0.16,Everton
Nathan Patterson,sct SCO,DF,21.0,20,9,1005.0,11.2,0.0,2.0,2.0,0.0,0.0,0.0,4.0,0.0,0.3,0.3,1.7,2.0,17.0,38.0,39.0,0.0,0.18,0.18,0.0,0.18,0.03,0.15,0.18,0.03,0.18,Everton
Beto,gw GNB,FW,25.0,30,9,951.0,10.6,3.0,0.0,3.0,3.0,0.0,1.0,2.0,0.0,6.8,6.0,0.9,6.9,14.0,14.0,58.0,0.28,0.0,0.28,0.28,0.28,0.64,0.09,0.73,0.57,0.66,Everton
Séamus Coleman,ie IRL,DF,34.0,12,7,665.0,7.4,0.0,0.0,0.0,0.0,0.0,0.0,0.0,0.0,0.0,0.0,1.0,1.0,5.0,22.0,16.0,0.0,0.0,0.0,0.0,0.0,0.0,0.14,0.14,0.0,0.14,Everton
Arnaut Danjuma,nl NED,"MF,FW",26.0,14,5,595.0,6.6,1.0,0.0,1.0,1.0,0.0,0.0,0.0,0.0,2.6,2.6,1.1,3.7,24.0,9.0,44.0,0.15,0.0,0.15,0.15,0.15,0.4,0.17,0.57,0.4,0.57,Everton
Michael Keane,eng ENG,DF,30.0,9,4,439.0,4.9,1.0,0.0,1.0,1.0,0.0,0.0,2.0,0.0,0.7,0.7,0.0,0.7,4.0,14.0,3.0,0.21,0.0,0.21,0.21,0.21,0.14,0.0,0.14,0.14,0.14,Everton
André Gomes,pt POR,"MF,FW",30.0,12,3,508.0,5.6,1.0,0.0,1.0,1.0,0.0,0.0,4.0,0.0,0.3,0.3,0.4,0.7,8.0,36.0,29.0,0.18,0.0,0.18,0.18,0.18,0.05,0.07,0.13,0.05,0.13,Everton
Alex Iwobi,ng NGA,MF,27.0,2,2,140.0,1.6,0.0,0.0,0.0,0.0,0.0,0.0,0.0,0.0,0.3,0.3,0.2,0.5,6.0,4.0,8.0,0.0,0.0,0.0,0.0,0.0,0.21,0.14,0.35,0.21,0.35,Everton
Lewis Dobbin,eng ENG,MF,20.0,12,1,232.0,2.6,1.0,0.0,1.0,1.0,0.0,0.0,1.0,0.0,0.3,0.3,0.5,0.8,6.0,3.0,20.0,0.39,0.0,0.39,0.39,0.39,0.11,0.19,0.3,0.11,0.3,Everton
Youssef Chermiti,pt POR,FW,19.0,18,1,208.0,2.3,0.0,0.0,0.0,0.0,0.0,0.0,3.0,0.0,0.7,0.7,0.8,1.5,5.0,5.0,15.0,0.0,0.0,0.0,0.0,0.0,0.31,0.34,0.65,0.31,0.65,Everton
Neal Maupay,fr FRA,FW,26.0,2,1,111.0,1.2,0.0,0.0,0.0,0.0,0.0,0.0,0.0,0.0,1.4,1.4,0.1,1.5,1.0,0.0,6.0,0.0,0.0,0.0,0.0,0.0,1.16,0.05,1.22,1.16,1.22,Everton
Thomas Cannon,ie IRL,FW,20.0,1,0,1.0,0.0,0.0,0.0,0.0,0.0,0.0,0.0,0.0,0.0,0.0,0.0,0.0,0.0,0.0,0.0,0.0,0.0,0.0,0.0,0.0,0.0,0.0,0.0,0.0,0.0,0.0,Everton
Tyler Onyango,eng ENG,MF,20.0,1,0,1.0,0.0,0.0,0.0,0.0,0.0,0.0,0.0,0.0,0.0,0.0,0.0,0.0,0.0,0.0,0.0,0.0,0.0,0.0,0.0,0.0,0.0,0.0,0.0,0.0,0.0,0.0,Everton
Lewis Warrington,eng ENG,FW,20.0,1,0,1.0,0.0,0.0,0.0,0.0,0.0,0.0,0.0,0.0,0.0,0.0,0.0,0.0,0.0,0.0,0.0,0.0,0.0,0.0,0.0,0.0,0.0,0.0,0.0,0.0,0.0,0.0,Everton
Pascal Groß,de GER,"MF,DF",32.0,36,34,3114.0,34.6,4.0,10.0,14.0,3.0,1.0,1.0,6.0,0.0,6.5,5.7,8.1,13.8,83.0,302.0,180.0,0.12,0.29,0.4,0.09,0.38,0.19,0.24,0.42,0.16,0.4,Brighton
Lewis Dunk,eng ENG,DF,31.0,33,33,2869.0,31.9,3.0,1.0,4.0,3.0,0.0,0.0,7.0,1.0,3.1,3.1,0.9,4.0,33.0,152.0,13.0,0.09,0.03,0.13,0.09,0.13,0.1,0.03,0.12,0.1,0.12,Brighton
Jan Paul van Hecke,nl NED,DF,23.0,28,26,2369.0,26.3,0.0,0.0,0.0,0.0,0.0,0.0,4.0,0.0,1.2,1.2,0.9,2.1,25.0,147.0,7.0,0.0,0.0,0.0,0.0,0.0,0.05,0.03,0.08,0.05,0.08,Brighton
Simon Adingra,ci CIV,FW,21.0,31,25,2222.0,24.7,6.0,1.0,7.0,6.0,0.0,0.0,3.0,0.0,4.3,4.3,3.7,8.0,111.0,50.0,278.0,0.24,0.04,0.28,0.24,0.28,0.17,0.15,0.32,0.17,0.32,Brighton
Billy Gilmour,sct SCO,MF,22.0,30,24,2120.0,23.6,0.0,1.0,1.0,0.0,0.0,0.0,8.0,1.0,1.0,1.0,2.0,3.0,39.0,193.0,33.0,0.0,0.04,0.04,0.0,0.04,0.04,0.09,0.13,0.04,0.13,Brighton
Bart Verbruggen,nl NED,GK,20.0,21,21,1890.0,21.0,0.0,0.0,0.0,0.0,0.0,0.0,3.0,0.0,0.0,0.0,0.0,0.0,0.0,3.0,0.0,0.0,0.0,0.0,0.0,0.0,0.0,0.0,0.0,0.0,0.0,Brighton
Danny Welbeck,eng ENG,"FW,MF",32.0,29,21,1693.0,18.8,5.0,1.0,6.0,5.0,0.0,0.0,4.0,0.0,5.3,5.3,1.7,7.0,32.0,44.0,100.0,0.27,0.05,0.32,0.27,0.32,0.28,0.09,0.37,0.28,0.37,Brighton
João Pedro,br BRA,"FW,MF",21.0,31,19,2045.0,22.7,9.0,3.0,12.0,5.0,4.0,5.0,2.0,0.0,11.9,7.9,3.8,11.7,83.0,92.0,205.0,0.4,0.13,0.53,0.22,0.35,0.53,0.17,0.69,0.35,0.51,Brighton
Igor,br BRA,DF,25.0,24,17,1637.0,18.2,0.0,0.0,0.0,0.0,0.0,0.0,4.0,0.0,0.3,0.3,0.7,1.0,30.0,107.0,12.0,0.0,0.0,0.0,0.0,0.0,0.02,0.04,0.05,0.02,0.05,Brighton
Joël Veltman,nl NED,DF,31.0,27,17,1588.0,17.6,1.0,1.0,2.0,1.0,0.0,0.0,4.0,0.0,0.4,0.4,0.5,0.9,24.0,85.0,54.0,0.06,0.06,0.11,0.06,0.11,0.02,0.03,0.05,0.02,0.05,Brighton
Jason Steele,eng ENG,GK,32.0,17,17,1530.0,17.0,0.0,0.0,0.0,0.0,0.0,0.0,0.0,0.0,0.0,0.0,0.0,0.0,0.0,0.0,0.0,0.0,0.0,0.0,0.0,0.0,0.0,0.0,0.0,0.0,0.0,Brighton
Facundo Buonanotte,ar ARG,"FW,MF",18.0,27,17,1364.0,15.2,3.0,1.0,4.0,3.0,0.0,0.0,7.0,0.0,2.4,2.4,1.8,4.2,23.0,42.0,69.0,0.2,0.07,0.26,0.2,0.26,0.16,0.12,0.28,0.16,0.28,Brighton
Kaoru Mitoma,jp JPN,FW,26.0,19,15,1486.0,16.5,3.0,4.0,7.0,3.0,0.0,0.0,4.0,0.0,3.5,3.5,2.7,6.2,121.0,64.0,239.0,0.18,0.24,0.42,0.18,0.42,0.21,0.16,0.37,0.21,0.37,Brighton
Evan Ferguson,ie IRL,FW,18.0,27,15,1367.0,15.2,6.0,0.0,6.0,6.0,0.0,0.0,1.0,0.0,4.6,4.6,0.5,5.1,13.0,15.0,62.0,0.4,0.0,0.4,0.4,0.4,0.3,0.04,0.34,0.3,0.34,Brighton
Carlos Baleba,cm CMR,MF,19.0,27,15,1325.0,14.7,0.0,0.0,0.0,0.0,0.0,0.0,7.0,0.0,0.8,0.8,0.3,1.1,19.0,50.0,9.0,0.0,0.0,0.0,0.0,0.0,0.06,0.02,0.08,0.06,0.08,Brighton
Pervis Estupiñán,ec ECU,DF,25.0,19,15,1243.0,13.8,2.0,3.0,5.0,2.0,0.0,0.0,4.0,0.0,1.0,1.0,3.5,4.4,47.0,83.0,88.0,0.14,0.22,0.36,0.14,0.36,0.07,0.25,0.32,0.07,0.32,Brighton
Adam Webster,eng ENG,DF,28.0,15,13,1144.0,12.7,0.0,0.0,0.0,0.0,0.0,0.0,2.0,0.0,0.4,0.4,0.1,0.6,16.0,80.0,2.0,0.0,0.0,0.0,0.0,0.0,0.03,0.01,0.05,0.03,0.05,Brighton
Adam Lallana,eng ENG,"MF,FW",35.0,25,13,850.0,9.4,0.0,1.0,1.0,0.0,0.0,0.0,2.0,0.0,0.8,0.8,1.7,2.5,9.0,39.0,55.0,0.0,0.11,0.11,0.0,0.11,0.09,0.18,0.27,0.09,0.27,Brighton
James Milner,eng ENG,"DF,MF",37.0,15,11,773.0,8.6,0.0,2.0,2.0,0.0,0.0,0.0,3.0,0.0,0.3,0.3,1.8,2.0,11.0,69.0,73.0,0.0,0.23,0.23,0.0,0.23,0.03,0.21,0.24,0.03,0.24,Brighton
Tariq Lamptey,gh GHA,"DF,FW",22.0,19,10,914.0,10.2,0.0,3.0,3.0,0.0,0.0,0.0,3.0,0.0,0.4,0.4,1.2,1.7,39.0,17.0,64.0,0.0,0.3,0.3,0.0,0.3,0.04,0.12,0.16,0.04,0.16,Brighton
Jack Hinshelwood,eng ENG,DF,18.0,12,8,869.0,9.7,3.0,0.0,3.0,3.0,0.0,0.0,1.0,0.0,1.9,1.9,0.7,2.5,16.0,19.0,38.0,0.31,0.0,0.31,0.31,0.31,0.19,0.07,0.26,0.19,0.26,Brighton
Solly March,eng ENG,"FW,DF",29.0,7,7,554.0,6.2,3.0,1.0,4.0,3.0,0.0,0.0,1.0,0.0,2.0,2.0,1.0,2.9,14.0,24.0,44.0,0.49,0.16,0.65,0.49,0.65,0.32,0.16,0.47,0.32,0.47,Brighton
Jakub Moder,pl POL,"MF,DF",24.0,17,6,618.0,6.9,0.0,0.0,0.0,0.0,0.0,0.0,2.0,0.0,0.6,0.6,0.8,1.3,10.0,23.0,26.0,0.0,0.0,0.0,0.0,0.0,0.08,0.11,0.2,0.08,0.2,Brighton
Mahmoud Dahoud,de GER,MF,27.0,9,6,452.0,5.0,0.0,1.0,1.0,0.0,0.0,0.0,1.0,1.0,0.2,0.2,0.9,1.1,4.0,11.0,6.0,0.0,0.2,0.2,0.0,0.2,0.04,0.18,0.22,0.04,0.22,Brighton
Julio Enciso,py PAR,"MF,FW",19.0,12,5,475.0,5.3,0.0,2.0,2.0,0.0,0.0,0.0,2.0,0.0,1.4,1.4,1.7,3.2,28.0,21.0,29.0,0.0,0.38,0.38,0.0,0.38,0.27,0.32,0.59,0.27,0.59,Brighton
Ansu Fati,es ESP,"MF,FW",20.0,19,3,521.0,5.8,2.0,0.0,2.0,2.0,0.0,0.0,2.0,0.0,3.4,3.4,0.8,4.2,16.0,28.0,50.0,0.35,0.0,0.35,0.35,0.35,0.59,0.14,0.73,0.59,0.73,Brighton
Valentín Barco,ar ARG,"DF,FW",19.0,6,3,307.0,3.4,0.0,0.0,0.0,0.0,0.0,0.0,1.0,0.0,0.2,0.2,0.2,0.4,8.0,14.0,20.0,0.0,0.0,0.0,0.0,0.0,0.05,0.07,0.13,0.05,0.13,Brighton
Odeluga Offiah,eng ENG,DF,20.0,4,1,128.0,1.4,0.0,0.0,0.0,0.0,0.0,0.0,0.0,0.0,0.0,0.0,0.0,0.0,9.0,4.0,9.0,0.0,0.0,0.0,0.0,0.0,0.0,0.0,0.0,0.0,0.0,Brighton
Mark O'Mahony,ie IRL,FW,18.0,3,1,63.0,0.7,0.0,0.0,0.0,0.0,0.0,0.0,1.0,0.0,0.1,0.1,0.0,0.1,0.0,0.0,0.0,0.0,0.0,0.0,0.0,0.0,0.08,0.0,0.08,0.08,0.08,Brighton
Benicio Boaitey,eng ENG,"FW,DF",19.0,5,0,40.0,0.4,0.0,0.0,0.0,0.0,0.0,0.0,1.0,0.0,0.0,0.0,0.1,0.1,1.0,2.0,2.0,0.0,0.0,0.0,0.0,0.0,0.05,0.13,0.19,0.05,0.19,Brighton
Illia Zabarnyi,ua UKR,DF,20.0,37,37,3330.0,37.0,1.0,0.0,1.0,1.0,0.0,0.0,5.0,0.0,1.1,1.1,0.4,1.5,24.0,109.0,1.0,0.03,0.0,0.03,0.03,0.03,0.03,0.01,0.04,0.03,0.04,Bournemouth
Dominic Solanke,eng ENG,FW,25.0,38,37,3325.0,36.9,19.0,3.0,22.0,17.0,2.0,3.0,3.0,0.0,19.6,17.2,3.0,20.3,52.0,60.0,184.0,0.51,0.08,0.6,0.46,0.54,0.53,0.08,0.61,0.47,0.55,Bournemouth
Ryan Christie,sct SCO,MF,28.0,37,35,2907.0,32.3,0.0,5.0,5.0,0.0,0.0,0.0,6.0,0.0,2.3,2.3,5.4,7.7,60.0,167.0,78.0,0.0,0.15,0.15,0.0,0.15,0.07,0.17,0.24,0.07,0.24,Bournemouth
Neto,br BRA,GK,34.0,32,32,2880.0,32.0,0.0,0.0,0.0,0.0,0.0,0.0,5.0,0.0,0.0,0.0,0.0,0.0,0.0,0.0,0.0,0.0,0.0,0.0,0.0,0.0,0.0,0.0,0.0,0.0,0.0,Bournemouth
Lewis Cook,eng ENG,MF,26.0,33,32,2786.0,31.0,0.0,3.0,3.0,0.0,0.0,0.0,5.0,1.0,0.4,0.4,4.3,4.6,22.0,142.0,15.0,0.0,0.1,0.1,0.0,0.1,0.01,0.14,0.15,0.01,0.15,Bournemouth
Marcos Senesi,ar ARG,DF,26.0,31,26,2242.0,24.9,4.0,5.0,9.0,4.0,0.0,0.0,13.0,0.0,2.0,2.0,1.7,3.7,31.0,127.0,4.0,0.16,0.2,0.36,0.16,0.36,0.08,0.07,0.15,0.08,0.15,Bournemouth
Justin Kluivert,nl NED,"MF,FW",24.0,32,26,1916.0,21.3,7.0,1.0,8.0,7.0,0.0,0.0,5.0,0.0,6.2,6.2,1.9,8.1,65.0,50.0,114.0,0.33,0.05,0.38,0.33,0.38,0.29,0.09,0.38,0.29,0.38,Bournemouth
Adam Smith,eng ENG,DF,32.0,28,25,2150.0,23.9,0.0,2.0,2.0,0.0,0.0,0.0,6.0,0.0,0.1,0.1,1.3,1.4,24.0,89.0,28.0,0.0,0.08,0.08,0.0,0.08,0.0,0.05,0.06,0.0,0.06,Bournemouth
Marcus Tavernier,eng ENG,FW,24.0,30,25,2118.0,23.5,3.0,4.0,7.0,3.0,0.0,0.0,3.0,0.0,3.9,3.9,5.2,9.1,79.0,84.0,171.0,0.13,0.17,0.3,0.13,0.3,0.17,0.22,0.39,0.17,0.39,Bournemouth
Antoine Semenyo,gh GHA,FW,23.0,33,25,2105.0,23.4,8.0,2.0,10.0,8.0,0.0,0.0,6.0,0.0,4.6,4.6,3.2,7.8,89.0,64.0,188.0,0.34,0.09,0.43,0.34,0.43,0.2,0.14,0.34,0.2,0.34,Bournemouth
Milos Kerkez,hu HUN,DF,19.0,28,22,1970.0,21.9,0.0,1.0,1.0,0.0,0.0,0.0,4.0,1.0,1.2,1.2,0.8,2.0,46.0,44.0,93.0,0.0,0.05,0.05,0.0,0.05,0.06,0.04,0.09,0.06,0.09,Bournemouth
Lloyd Kelly,eng ENG,DF,24.0,23,17,1559.0,17.3,0.0,1.0,1.0,0.0,0.0,0.0,2.0,0.0,0.3,0.3,1.2,1.6,15.0,56.0,28.0,0.0,0.06,0.06,0.0,0.06,0.02,0.07,0.09,0.02,0.09,Bournemouth
Philip Billing,dk DEN,MF,27.0,29,13,1398.0,15.5,2.0,2.0,4.0,2.0,0.0,0.0,3.0,1.0,2.5,2.5,3.2,5.7,22.0,53.0,63.0,0.13,0.13,0.26,0.13,0.26,0.16,0.21,0.36,0.16,0.36,Bournemouth
Max Aarons,eng ENG,DF,23.0,20,13,1237.0,13.7,0.0,1.0,1.0,0.0,0.0,0.0,1.0,0.0,0.0,0.0,0.8,0.9,22.0,43.0,26.0,0.0,0.07,0.07,0.0,0.07,0.0,0.06,0.06,0.0,0.06,Bournemouth
Dango Ouattara,bf BFA,"FW,DF",21.0,30,12,1229.0,13.7,1.0,2.0,3.0,1.0,0.0,0.0,3.0,0.0,2.6,2.6,1.5,4.1,47.0,35.0,90.0,0.07,0.15,0.22,0.07,0.22,0.19,0.11,0.3,0.19,0.3,Bournemouth
Alex Scott,eng ENG,MF,19.0,23,11,1014.0,11.3,1.0,1.0,2.0,1.0,0.0,0.0,3.0,0.0,0.7,0.7,1.7,2.4,24.0,50.0,35.0,0.09,0.09,0.18,0.09,0.18,0.06,0.15,0.22,0.06,0.22,Bournemouth
Luis Sinisterra,co COL,"FW,MF",24.0,20,7,699.0,7.8,2.0,2.0,4.0,2.0,0.0,0.0,0.0,0.0,2.5,2.5,2.4,5.0,51.0,38.0,85.0,0.26,0.26,0.52,0.26,0.52,0.33,0.31,0.64,0.33,0.64,Bournemouth
Chris Mepham,wls WAL,DF,25.0,10,6,617.0,6.9,0.0,1.0,1.0,0.0,0.0,0.0,2.0,0.0,0.1,0.1,0.4,0.5,4.0,25.0,1.0,0.0,0.15,0.15,0.0,0.15,0.01,0.06,0.07,0.01,0.07,Bournemouth
Mark Travers,ie IRL,GK,24.0,4,4,360.0,4.0,0.0,0.0,0.0,0.0,0.0,0.0,0.0,0.0,0.0,0.0,0.0,0.0,0.0,0.0,0.0,0.0,0.0,0.0,0.0,0.0,0.0,0.0,0.0,0.0,0.0,Bournemouth
Joe Rothwell,eng ENG,MF,28.0,11,3,386.0,4.3,0.0,0.0,0.0,0.0,0.0,0.0,0.0,0.0,0.1,0.1,0.2,0.3,6.0,20.0,3.0,0.0,0.0,0.0,0.0,0.0,0.02,0.06,0.08,0.02,0.08,Bournemouth
Enes Ünal,tr TUR,"FW,MF",26.0,16,2,328.0,3.6,2.0,2.0,4.0,2.0,0.0,0.0,1.0,0.0,2.9,2.9,1.0,3.9,4.0,7.0,28.0,0.55,0.55,1.1,0.55,1.1,0.8,0.28,1.07,0.8,1.07,Bournemouth
David Brooks,wls WAL,"FW,MF",26.0,13,2,282.0,3.1,1.0,1.0,2.0,1.0,0.0,0.0,1.0,0.0,2.2,2.2,1.0,3.2,8.0,21.0,27.0,0.32,0.32,0.64,0.32,0.64,0.7,0.33,1.03,0.7,1.03,Bournemouth
Ionuț Radu,ro ROU,GK,26.0,2,2,180.0,2.0,0.0,0.0,0.0,0.0,0.0,0.0,0.0,0.0,0.0,0.0,0.0,0.0,0.0,0.0,0.0,0.0,0.0,0.0,0.0,0.0,0.0,0.0,0.0,0.0,0.0,Bournemouth
Jaidon Anthony,eng ENG,FW,23.0,3,2,152.0,1.7,0.0,0.0,0.0,0.0,0.0,0.0,1.0,0.0,0.1,0.1,0.0,0.1,2.0,8.0,9.0,0.0,0.0,0.0,0.0,0.0,0.04,0.0,0.04,0.04,0.04,Bournemouth
Tyler Adams,us USA,MF,24.0,3,1,121.0,1.3,0.0,0.0,0.0,0.0,0.0,0.0,0.0,0.0,0.0,0.0,0.1,0.1,4.0,5.0,1.0,0.0,0.0,0.0,0.0,0.0,0.0,0.06,0.06,0.0,0.06,Bournemouth
James Hill,eng ENG,DF,21.0,5,1,76.0,0.8,0.0,0.0,0.0,0.0,0.0,0.0,0.0,0.0,0.0,0.0,0.0,0.0,0.0,5.0,1.0,0.0,0.0,0.0,0.0,0.0,0.0,0.0,0.0,0.0,0.0,Bournemouth
Kieffer Moore,wls WAL,"FW,MF",30.0,8,0,108.0,1.2,1.0,0.0,1.0,1.0,0.0,0.0,0.0,0.0,1.5,1.5,0.2,1.7,2.0,4.0,15.0,0.83,0.0,0.83,0.83,0.83,1.23,0.2,1.44,1.23,1.44,Bournemouth
Hamed Junior Traorè,ci CIV,MF,23.0,3,0,47.0,0.5,0.0,0.0,0.0,0.0,0.0,0.0,0.0,0.0,0.2,0.2,0.0,0.2,2.0,3.0,4.0,0.0,0.0,0.0,0.0,0.0,0.34,0.07,0.41,0.34,0.41,Bournemouth
Romain Faivre,fr FRA,"MF,FW",25.0,5,0,41.0,0.5,0.0,0.0,0.0,0.0,0.0,0.0,1.0,0.0,0.2,0.2,0.0,0.2,4.0,5.0,4.0,0.0,0.0,0.0,0.0,0.0,0.34,0.0,0.34,0.34,0.34,Bournemouth
Dominic Sadi,eng ENG,FW,19.0,1,0,1.0,0.0,0.0,0.0,0.0,0.0,0.0,0.0,0.0,0.0,0.0,0.0,0.0,0.0,0.0,0.0,0.0,0.0,0.0,0.0,0.0,0.0,0.0,0.0,0.0,0.0,0.0,Bournemouth
Max Kilman,eng ENG,DF,26.0,38,38,3420.0,38.0,2.0,0.0,2.0,2.0,0.0,0.0,7.0,0.0,1.8,1.8,1.4,3.2,22.0,117.0,5.0,0.05,0.0,0.05,0.05,0.05,0.05,0.04,0.08,0.05,0.08,Wolverhampton
Nélson Semedo,pt POR,"DF,MF",29.0,36,36,3084.0,34.3,0.0,1.0,1.0,0.0,0.0,0.0,10.0,1.0,1.3,1.3,1.7,3.0,103.0,138.0,150.0,0.0,0.03,0.03,0.0,0.03,0.04,0.05,0.09,0.04,0.09,Wolverhampton
José Sá,pt POR,GK,30.0,35,35,3037.0,33.7,0.0,1.0,1.0,0.0,0.0,0.0,1.0,0.0,0.0,0.0,0.0,0.0,0.0,1.0,0.0,0.0,0.03,0.03,0.0,0.03,0.0,0.0,0.0,0.0,0.0,Wolverhampton
Mario Lemina,ga GAB,MF,29.0,35,34,2968.0,33.0,4.0,1.0,5.0,4.0,0.0,0.0,12.0,1.0,4.6,4.6,1.5,6.2,32.0,76.0,49.0,0.12,0.03,0.15,0.12,0.15,0.14,0.05,0.19,0.14,0.19,Wolverhampton
João Gomes,br BRA,MF,22.0,34,32,2649.0,29.4,2.0,1.0,3.0,2.0,0.0,0.0,11.0,0.0,1.7,1.7,1.1,2.8,28.0,101.0,44.0,0.07,0.03,0.1,0.07,0.1,0.06,0.04,0.1,0.06,0.1,Wolverhampton
Toti Gomes,pt POR,DF,24.0,35,31,2772.0,30.8,1.0,3.0,4.0,1.0,0.0,0.0,7.0,0.0,1.6,1.6,1.2,2.8,22.0,79.0,11.0,0.03,0.1,0.13,0.03,0.13,0.05,0.04,0.09,0.05,0.09,Wolverhampton
Matheus Cunha,br BRA,"FW,MF",24.0,32,29,2440.0,27.1,12.0,7.0,19.0,11.0,1.0,1.0,9.0,0.0,9.5,8.7,3.2,11.9,107.0,87.0,139.0,0.44,0.26,0.7,0.41,0.66,0.35,0.12,0.47,0.32,0.44,Wolverhampton
Rayan Aït-Nouri,dz ALG,"DF,MF",22.0,33,29,2329.0,25.9,2.0,1.0,3.0,2.0,0.0,0.0,7.0,0.0,3.3,3.3,2.4,5.6,67.0,99.0,99.0,0.08,0.04,0.12,0.08,0.12,0.13,0.09,0.22,0.13,0.22,Wolverhampton
Craig Dawson,eng ENG,DF,33.0,25,25,2209.0,24.5,1.0,1.0,2.0,1.0,0.0,0.0,7.0,0.0,1.5,1.5,1.4,2.9,1.0,49.0,4.0,0.04,0.04,0.08,0.04,0.08,0.06,0.06,0.12,0.06,0.12,Wolverhampton
Hwang Hee-chan,kr KOR,"FW,MF",27.0,29,25,2119.0,23.5,12.0,3.0,15.0,11.0,1.0,1.0,6.0,0.0,7.7,6.9,3.0,9.9,37.0,37.0,120.0,0.51,0.13,0.64,0.47,0.59,0.33,0.13,0.45,0.29,0.42,Wolverhampton
Pablo Sarabia,es ESP,"MF,FW",31.0,30,20,1745.0,19.4,4.0,7.0,11.0,2.0,2.0,2.0,5.0,0.0,5.5,3.9,5.9,9.8,41.0,109.0,137.0,0.21,0.36,0.57,0.1,0.46,0.28,0.3,0.59,0.2,0.5,Wolverhampton
Pedro Neto,pt POR,"FW,MF",23.0,20,18,1516.0,16.8,2.0,9.0,11.0,2.0,0.0,0.0,4.0,0.0,3.5,3.5,4.4,7.9,98.0,54.0,149.0,0.12,0.53,0.65,0.12,0.65,0.21,0.26,0.47,0.21,0.47,Wolverhampton
Tommy Doyle,eng ENG,MF,21.0,26,11,1222.0,13.6,0.0,0.0,0.0,0.0,0.0,0.0,2.0,0.0,0.4,0.4,0.4,0.9,21.0,81.0,17.0,0.0,0.0,0.0,0.0,0.0,0.03,0.03,0.06,0.03,0.06,Wolverhampton
Jean-Ricner Bellegarde,fr FRA,"MF,FW",25.0,22,10,958.0,10.6,2.0,1.0,3.0,2.0,0.0,0.0,0.0,1.0,1.6,1.6,1.0,2.5,30.0,39.0,49.0,0.19,0.09,0.28,0.19,0.28,0.15,0.09,0.24,0.15,0.24,Wolverhampton
Matt Doherty,ie IRL,"DF,MF",31.0,30,9,1150.0,12.8,1.0,0.0,1.0,1.0,0.0,0.0,2.0,0.0,0.8,0.8,1.3,2.2,12.0,31.0,64.0,0.08,0.0,0.08,0.08,0.08,0.07,0.1,0.17,0.07,0.17,Wolverhampton
Santiago Bueno,uy URU,DF,24.0,12,9,822.0,9.1,0.0,0.0,0.0,0.0,0.0,0.0,1.0,0.0,0.0,0.0,0.1,0.1,3.0,11.0,2.0,0.0,0.0,0.0,0.0,0.0,0.0,0.01,0.01,0.0,0.01,Wolverhampton
Boubacar Traoré,ml MLI,MF,21.0,24,7,819.0,9.1,0.0,0.0,0.0,0.0,0.0,0.0,4.0,0.0,0.3,0.3,0.4,0.7,9.0,29.0,15.0,0.0,0.0,0.0,0.0,0.0,0.03,0.04,0.07,0.03,0.07,Wolverhampton
Hugo Bueno,es ESP,"DF,MF",20.0,22,7,741.0,8.2,0.0,0.0,0.0,0.0,0.0,0.0,1.0,0.0,0.3,0.3,0.8,1.0,22.0,8.0,40.0,0.0,0.0,0.0,0.0,0.0,0.03,0.09,0.13,0.03,0.13,Wolverhampton
Daniel Bentley,eng ENG,GK,30.0,5,3,383.0,4.3,0.0,0.0,0.0,0.0,0.0,0.0,0.0,0.0,0.0,0.0,0.0,0.0,0.0,0.0,0.0,0.0,0.0,0.0,0.0,0.0,0.0,0.0,0.0,0.0,0.0,Wolverhampton
Fábio Silva,pt POR,FW,21.0,8,3,264.0,2.9,0.0,0.0,0.0,0.0,0.0,0.0,2.0,0.0,1.0,1.0,0.2,1.2,5.0,10.0,13.0,0.0,0.0,0.0,0.0,0.0,0.35,0.07,0.42,0.35,0.42,Wolverhampton
Matheus Nunes,pt POR,MF,24.0,2,2,179.0,2.0,0.0,0.0,0.0,0.0,0.0,0.0,2.0,1.0,0.1,0.1,0.1,0.2,7.0,8.0,9.0,0.0,0.0,0.0,0.0,0.0,0.04,0.05,0.09,0.04,0.09,Wolverhampton
Leon Chiwome,eng ENG,FW,17.0,3,2,174.0,1.9,0.0,0.0,0.0,0.0,0.0,0.0,0.0,0.0,0.1,0.1,0.0,0.1,1.0,2.0,7.0,0.0,0.0,0.0,0.0,0.0,0.05,0.0,0.05,0.05,0.05,Wolverhampton
Nathan Fraser,ie IRL,FW,18.0,7,1,186.0,2.1,0.0,0.0,0.0,0.0,0.0,0.0,1.0,0.0,0.3,0.3,0.1,0.4,1.0,2.0,21.0,0.0,0.0,0.0,0.0,0.0,0.16,0.04,0.19,0.16,0.19,Wolverhampton
Sasa Kalajdzic,at AUT,FW,26.0,11,1,166.0,1.8,2.0,0.0,2.0,2.0,0.0,0.0,0.0,0.0,1.1,1.1,1.0,2.0,1.0,5.0,9.0,1.08,0.0,1.08,1.08,1.08,0.57,0.52,1.09,0.57,1.09,Wolverhampton
Tawanda Chirewa,zw ZIM,"MF,FW",19.0,8,1,145.0,1.6,0.0,0.0,0.0,0.0,0.0,0.0,1.0,0.0,0.2,0.2,0.0,0.2,1.0,7.0,8.0,0.0,0.0,0.0,0.0,0.0,0.1,0.02,0.12,0.1,0.12,Wolverhampton
Jonny Castro,es ESP,MF,29.0,1,0,5.0,0.1,0.0,0.0,0.0,0.0,0.0,0.0,0.0,0.0,0.0,0.0,0.0,0.0,0.0,0.0,0.0,0.0,0.0,0.0,0.0,0.0,0.0,0.0,0.0,0.0,0.0,Wolverhampton
Enso Gonzalez,py PAR,"MF,DF",18.0,1,0,1.0,0.0,0.0,0.0,0.0,0.0,0.0,0.0,0.0,0.0,0.0,0.0,0.0,0.0,0.0,0.0,2.0,0.0,0.0,0.0,0.0,0.0,0.0,0.0,0.0,0.0,0.0,Wolverhampton
Mark Flekken,nl NED,GK,30.0,37,37,3285.0,36.5,0.0,1.0,1.0,0.0,0.0,0.0,3.0,0.0,0.0,0.0,0.5,0.5,0.0,5.0,0.0,0.0,0.03,0.03,0.0,0.03,0.0,0.01,0.01,0.0,0.01,Brentford
Vitaly Janelt,de GER,"MF,DF",25.0,38,37,3054.0,33.9,1.0,3.0,4.0,1.0,0.0,0.0,8.0,0.0,1.8,1.8,4.8,6.5,25.0,123.0,81.0,0.03,0.09,0.12,0.03,0.12,0.05,0.14,0.19,0.05,0.19,Brentford
Christian Nørgaard,dk DEN,MF,29.0,31,30,2505.0,27.8,2.0,1.0,3.0,2.0,0.0,0.0,8.0,0.0,3.5,3.5,1.9,5.4,15.0,161.0,42.0,0.07,0.04,0.11,0.07,0.11,0.12,0.07,0.19,0.12,0.19,Brentford
Nathan Collins,ie IRL,DF,22.0,32,29,2652.0,29.5,1.0,1.0,2.0,1.0,0.0,0.0,3.0,0.0,1.7,1.7,2.2,3.9,11.0,97.0,18.0,0.03,0.03,0.07,0.03,0.07,0.06,0.07,0.13,0.06,0.13,Brentford
Yoane Wissa,cd COD,FW,26.0,34,29,2493.0,27.7,12.0,3.0,15.0,12.0,0.0,0.0,7.0,0.0,10.6,10.6,3.9,14.5,45.0,48.0,150.0,0.43,0.11,0.54,0.43,0.54,0.38,0.14,0.52,0.38,0.52,Brentford
Ethan Pinnock,jm JAM,DF,30.0,29,28,2521.0,28.0,2.0,0.0,2.0,2.0,0.0,0.0,1.0,0.0,2.0,2.0,1.0,3.0,11.0,61.0,16.0,0.07,0.0,0.07,0.07,0.07,0.07,0.04,0.11,0.07,0.11,Brentford
Mathias Jensen,dk DEN,MF,27.0,32,27,2204.0,24.5,3.0,3.0,6.0,3.0,0.0,0.0,5.0,0.0,0.7,0.7,4.0,4.7,19.0,123.0,66.0,0.12,0.12,0.25,0.12,0.25,0.03,0.16,0.19,0.03,0.19,Brentford
Mads Roerslev,dk DEN,DF,24.0,34,22,1985.0,22.1,1.0,2.0,3.0,1.0,0.0,0.0,1.0,0.0,0.9,0.9,1.8,2.7,18.0,43.0,90.0,0.05,0.09,0.14,0.05,0.14,0.04,0.08,0.12,0.04,0.12,Brentford
Bryan Mbeumo,cm CMR,FW,23.0,25,22,1960.0,21.8,9.0,6.0,15.0,6.0,3.0,3.0,2.0,0.0,9.8,7.4,4.6,12.1,74.0,88.0,195.0,0.41,0.28,0.69,0.28,0.55,0.45,0.21,0.66,0.34,0.55,Brentford
Kristoffer Ajer,no NOR,DF,25.0,28,21,1832.0,20.4,2.0,1.0,3.0,2.0,0.0,0.0,5.0,0.0,1.3,1.3,2.3,3.6,22.0,61.0,31.0,0.1,0.05,0.15,0.1,0.15,0.06,0.11,0.18,0.06,0.18,Brentford
Ivan Toney,eng ENG,FW,27.0,17,16,1450.0,16.1,4.0,2.0,6.0,4.0,0.0,0.0,5.0,0.0,6.0,6.0,1.5,7.4,23.0,40.0,98.0,0.25,0.12,0.37,0.25,0.37,0.37,0.09,0.46,0.37,0.46,Brentford
Keane Lewis-Potter,eng ENG,"FW,DF",22.0,30,15,1441.0,16.0,3.0,1.0,4.0,3.0,0.0,0.0,0.0,0.0,6.3,6.3,1.7,8.0,56.0,32.0,135.0,0.19,0.06,0.25,0.19,0.25,0.39,0.11,0.5,0.39,0.5,Brentford
Ben Mee,eng ENG,DF,33.0,16,15,1272.0,14.1,2.0,0.0,2.0,2.0,0.0,0.0,1.0,1.0,1.5,1.5,0.3,1.8,11.0,49.0,9.0,0.14,0.0,0.14,0.14,0.14,0.1,0.02,0.13,0.1,0.13,Brentford
Sergio Reguilón,es ESP,DF,26.0,16,14,1118.0,12.4,0.0,4.0,4.0,0.0,0.0,0.0,4.0,1.0,0.8,0.8,2.8,3.6,34.0,38.0,40.0,0.0,0.32,0.32,0.0,0.32,0.06,0.23,0.29,0.06,0.29,Brentford
Neal Maupay,fr FRA,FW,26.0,29,13,1321.0,14.7,6.0,3.0,9.0,6.0,0.0,0.0,8.0,0.0,5.7,5.7,2.3,8.1,21.0,37.0,91.0,0.41,0.2,0.61,0.41,0.61,0.39,0.16,0.55,0.39,0.55,Brentford
Mathias Jørgensen,dk DEN,DF,33.0,14,12,1087.0,12.1,1.0,0.0,1.0,1.0,0.0,0.0,4.0,0.0,0.7,0.7,0.9,1.7,5.0,50.0,4.0,0.08,0.0,0.08,0.08,0.08,0.06,0.08,0.14,0.06,0.14,Brentford
Frank Onyeka,ng NGA,MF,25.0,26,11,1161.0,12.9,1.0,2.0,3.0,1.0,0.0,0.0,8.0,0.0,2.2,2.2,1.8,4.0,17.0,33.0,39.0,0.08,0.16,0.23,0.08,0.23,0.17,0.14,0.31,0.17,0.31,Brentford
Aaron Hickey,sct SCO,DF,21.0,9,9,713.0,7.9,0.0,0.0,0.0,0.0,0.0,0.0,5.0,0.0,0.2,0.2,0.1,0.3,9.0,21.0,13.0,0.0,0.0,0.0,0.0,0.0,0.03,0.01,0.04,0.03,0.04,Brentford
Mikkel Damsgaard,dk DEN,MF,23.0,23,7,842.0,9.4,0.0,2.0,2.0,0.0,0.0,0.0,2.0,0.0,0.9,0.9,1.4,2.4,16.0,61.0,32.0,0.0,0.21,0.21,0.0,0.21,0.1,0.16,0.25,0.1,0.25,Brentford
Saman Ghoddos,ir IRN,DF,29.0,19,7,739.0,8.2,1.0,0.0,1.0,1.0,0.0,0.0,5.0,0.0,0.3,0.3,1.1,1.4,22.0,36.0,31.0,0.12,0.0,0.12,0.12,0.12,0.04,0.13,0.17,0.04,0.17,Brentford
Yehor Yarmoliuk,ua UKR,MF,19.0,27,6,688.0,7.6,0.0,0.0,0.0,0.0,0.0,0.0,2.0,0.0,1.0,1.0,0.1,1.1,13.0,35.0,36.0,0.0,0.0,0.0,0.0,0.0,0.13,0.01,0.14,0.13,0.14,Brentford
Rico Henry,eng ENG,DF,26.0,5,5,401.0,4.5,0.0,1.0,1.0,0.0,0.0,0.0,1.0,0.0,0.1,0.1,1.0,1.1,13.0,20.0,12.0,0.0,0.22,0.22,0.0,0.22,0.02,0.22,0.24,0.02,0.24,Brentford
Kevin Schade,de GER,"FW,MF",21.0,11,3,333.0,3.7,2.0,1.0,3.0,2.0,0.0,0.0,0.0,0.0,1.2,1.2,0.7,1.9,8.0,9.0,23.0,0.54,0.27,0.81,0.54,0.81,0.32,0.19,0.52,0.32,0.52,Brentford
Shandon Baptiste,gd GRN,MF,25.0,10,2,229.0,2.5,1.0,1.0,2.0,1.0,0.0,0.0,1.0,0.0,0.9,0.9,0.2,1.1,3.0,5.0,1.0,0.39,0.39,0.79,0.39,0.79,0.35,0.08,0.43,0.35,0.43,Brentford
Thomas Strakosha,al ALB,GK,28.0,2,1,135.0,1.5,0.0,0.0,0.0,0.0,0.0,0.0,0.0,0.0,0.0,0.0,0.0,0.0,0.0,0.0,0.0,0.0,0.0,0.0,0.0,0.0,0.0,0.0,0.0,0.0,0.0,Brentford
Michael Olakigbe,eng ENG,"DF,FW",19.0,8,0,59.0,0.7,0.0,0.0,0.0,0.0,0.0,0.0,0.0,0.0,0.1,0.1,0.0,0.1,10.0,4.0,17.0,0.0,0.0,0.0,0.0,0.0,0.18,0.0,0.18,0.18,0.18,Brentford
Josh Dasilva,eng ENG,"DF,FW",24.0,3,0,24.0,0.3,0.0,0.0,0.0,0.0,0.0,0.0,0.0,0.0,0.0,0.0,0.2,0.2,2.0,2.0,5.0,0.0,0.0,0.0,0.0,0.0,0.0,0.72,0.72,0.0,0.72,Brentford
Myles Peart-Harris,eng ENG,"DF,MF",20.0,3,0,13.0,0.1,0.0,0.0,0.0,0.0,0.0,0.0,0.0,0.0,0.0,0.0,0.0,0.0,2.0,1.0,1.0,0.0,0.0,0.0,0.0,0.0,0.0,0.12,0.12,0.0,0.12,Brentford
Morgan Gibbs-White,eng ENG,"MF,FW",23.0,37,35,3156.0,35.1,5.0,10.0,15.0,4.0,1.0,1.0,9.0,0.0,6.9,6.1,8.4,14.6,80.0,170.0,181.0,0.14,0.29,0.43,0.11,0.4,0.2,0.24,0.44,0.17,0.42,Nottingham Forest
Murillo,br BRA,DF,21.0,32,32,2789.0,31.0,0.0,2.0,2.0,0.0,0.0,0.0,5.0,0.0,1.8,1.8,1.2,3.0,22.0,89.0,7.0,0.0,0.06,0.06,0.0,0.06,0.06,0.04,0.1,0.06,0.1,Nottingham Forest
Anthony Elanga,se SWE,"FW,MF",21.0,36,25,2433.0,27.0,5.0,9.0,14.0,5.0,0.0,0.0,1.0,0.0,6.6,6.6,6.7,13.3,98.0,49.0,196.0,0.18,0.33,0.52,0.18,0.52,0.24,0.25,0.49,0.24,0.49,Nottingham Forest
Ryan Yates,eng ENG,MF,25.0,35,21,1992.0,22.1,1.0,1.0,2.0,1.0,0.0,0.0,6.0,0.0,2.6,2.6,0.8,3.5,18.0,73.0,37.0,0.05,0.05,0.09,0.05,0.09,0.12,0.04,0.16,0.12,0.16,Nottingham Forest
Callum Hudson-Odoi,eng ENG,"FW,MF",22.0,29,20,1854.0,20.6,8.0,1.0,9.0,8.0,0.0,0.0,0.0,0.0,2.7,2.7,2.8,5.5,111.0,58.0,171.0,0.39,0.05,0.44,0.39,0.44,0.13,0.14,0.27,0.13,0.27,Nottingham Forest
Chris Wood,nz NZL,FW,31.0,31,20,1812.0,20.1,14.0,1.0,15.0,14.0,0.0,0.0,0.0,0.0,11.9,11.9,2.1,14.0,16.0,30.0,76.0,0.7,0.05,0.75,0.7,0.75,0.59,0.1,0.7,0.59,0.7,Nottingham Forest
Danilo,br BRA,MF,22.0,29,20,1792.0,19.9,2.0,2.0,4.0,2.0,0.0,0.0,4.0,0.0,1.8,1.8,1.5,3.4,22.0,83.0,28.0,0.1,0.1,0.2,0.1,0.2,0.09,0.08,0.17,0.09,0.17,Nottingham Forest
Ola Aina,ng NGA,DF,26.0,22,20,1692.0,18.8,1.0,1.0,2.0,1.0,0.0,0.0,3.0,0.0,0.3,0.3,0.9,1.2,53.0,68.0,38.0,0.05,0.05,0.11,0.05,0.11,0.01,0.05,0.06,0.01,0.06,Nottingham Forest
Orel Mangala,be BEL,MF,25.0,20,19,1563.0,17.4,1.0,0.0,1.0,1.0,0.0,0.0,6.0,0.0,0.8,0.8,0.2,1.1,13.0,45.0,14.0,0.06,0.0,0.06,0.06,0.06,0.05,0.01,0.06,0.05,0.06,Nottingham Forest
Nicolás Domínguez,ar ARG,"MF,FW",25.0,26,19,1495.0,16.6,2.0,2.0,4.0,2.0,0.0,0.0,4.0,0.0,1.3,1.3,1.0,2.3,14.0,91.0,43.0,0.12,0.12,0.24,0.12,0.24,0.08,0.06,0.14,0.08,0.14,Nottingham Forest
Neco Williams,wls WAL,DF,22.0,26,18,1637.0,18.2,0.0,1.0,1.0,0.0,0.0,0.0,4.0,0.0,0.8,0.8,1.6,2.5,48.0,47.0,86.0,0.0,0.05,0.05,0.0,0.05,0.04,0.09,0.13,0.04,0.13,Nottingham Forest
Willy Boly,ci CIV,DF,32.0,20,18,1438.0,16.0,2.0,1.0,3.0,2.0,0.0,0.0,3.0,1.0,1.5,1.5,1.3,2.8,4.0,32.0,3.0,0.13,0.06,0.19,0.13,0.19,0.09,0.08,0.18,0.09,0.18,Nottingham Forest
Matt Turner,us USA,GK,29.0,17,17,1530.0,17.0,0.0,0.0,0.0,0.0,0.0,0.0,2.0,0.0,0.0,0.0,0.0,0.0,0.0,0.0,0.0,0.0,0.0,0.0,0.0,0.0,0.0,0.0,0.0,0.0,0.0,Nottingham Forest
Matz Sels,be BEL,GK,31.0,16,16,1440.0,16.0,0.0,0.0,0.0,0.0,0.0,0.0,1.0,0.0,0.0,0.0,0.1,0.1,0.0,0.0,0.0,0.0,0.0,0.0,0.0,0.0,0.0,0.0,0.0,0.0,0.0,Nottingham Forest
Moussa Niakhate,sn SEN,DF,27.0,21,15,1460.0,16.2,1.0,0.0,1.0,1.0,0.0,0.0,5.0,1.0,1.1,1.1,0.1,1.2,13.0,39.0,6.0,0.06,0.0,0.06,0.06,0.06,0.07,0.01,0.08,0.07,0.08,Nottingham Forest
Harry Toffolo,eng ENG,DF,27.0,23,15,1459.0,16.2,1.0,3.0,4.0,1.0,0.0,0.0,3.0,0.0,1.6,1.6,1.5,3.2,10.0,42.0,34.0,0.06,0.19,0.25,0.06,0.25,0.1,0.1,0.2,0.1,0.2,Nottingham Forest
Ibrahim Sangaré,ci CIV,MF,25.0,17,13,1035.0,11.5,0.0,0.0,0.0,0.0,0.0,0.0,6.0,0.0,0.6,0.6,0.4,1.0,5.0,44.0,7.0,0.0,0.0,0.0,0.0,0.0,0.06,0.03,0.09,0.06,0.09,Nottingham Forest
Taiwo Awoniyi,ng NGA,FW,25.0,20,12,1042.0,11.6,6.0,3.0,9.0,6.0,0.0,0.0,2.0,0.0,4.7,4.7,1.7,6.4,8.0,14.0,45.0,0.52,0.26,0.78,0.52,0.78,0.41,0.15,0.56,0.41,0.56,Nottingham Forest
Serge Aurier,ci CIV,"DF,MF",30.0,12,10,833.0,9.3,0.0,2.0,2.0,0.0,0.0,0.0,2.0,0.0,0.2,0.2,0.5,0.6,10.0,47.0,29.0,0.0,0.22,0.22,0.0,0.22,0.02,0.05,0.07,0.02,0.07,Nottingham Forest
Gonzalo Montiel,ar ARG,DF,26.0,14,8,801.0,8.9,0.0,2.0,2.0,0.0,0.0,0.0,5.0,0.0,0.1,0.1,1.4,1.5,10.0,28.0,32.0,0.0,0.22,0.22,0.0,0.22,0.01,0.15,0.17,0.01,0.17,Nottingham Forest
Andrew Omobamidele,ie IRL,DF,21.0,11,8,783.0,8.7,0.0,0.0,0.0,0.0,0.0,0.0,2.0,0.0,0.1,0.1,0.1,0.2,1.0,8.0,0.0,0.0,0.0,0.0,0.0,0.0,0.02,0.01,0.03,0.02,0.03,Nottingham Forest
Divock Origi,be BEL,FW,28.0,20,6,606.0,6.7,0.0,1.0,1.0,0.0,0.0,0.0,1.0,0.0,1.4,1.4,2.1,3.5,19.0,14.0,41.0,0.0,0.15,0.15,0.0,0.15,0.21,0.31,0.51,0.21,0.51,Nottingham Forest
Nuno Tavares,pt POR,DF,23.0,8,5,457.0,5.1,0.0,0.0,0.0,0.0,0.0,0.0,2.0,0.0,0.2,0.2,0.5,0.7,14.0,24.0,12.0,0.0,0.0,0.0,0.0,0.0,0.03,0.1,0.13,0.03,0.13,Nottingham Forest
Odisseas Vlachodimos,gr GRE,GK,29.0,5,5,450.0,5.0,0.0,0.0,0.0,0.0,0.0,0.0,0.0,0.0,0.0,0.0,0.0,0.0,0.0,1.0,0.0,0.0,0.0,0.0,0.0,0.0,0.0,0.01,0.01,0.0,0.01,Nottingham Forest
Joe Worrall,eng ENG,DF,26.0,7,5,439.0,4.9,0.0,0.0,0.0,0.0,0.0,0.0,0.0,1.0,0.1,0.1,0.2,0.3,0.0,8.0,1.0,0.0,0.0,0.0,0.0,0.0,0.02,0.04,0.06,0.02,0.06,Nottingham Forest
Scott McKenna,sct SCO,DF,26.0,5,5,416.0,4.6,0.0,0.0,0.0,0.0,0.0,0.0,0.0,0.0,0.2,0.2,0.2,0.4,1.0,10.0,0.0,0.0,0.0,0.0,0.0,0.0,0.05,0.04,0.08,0.05,0.08,Nottingham Forest
Felipe,br BRA,DF,34.0,7,4,375.0,4.2,0.0,0.0,0.0,0.0,0.0,0.0,4.0,0.0,0.1,0.1,0.1,0.2,1.0,6.0,0.0,0.0,0.0,0.0,0.0,0.0,0.03,0.01,0.04,0.03,0.04,Nottingham Forest
Brennan Johnson,wls WAL,"FW,MF",22.0,3,3,237.0,2.6,0.0,0.0,0.0,0.0,0.0,0.0,0.0,0.0,0.3,0.3,0.2,0.5,8.0,1.0,14.0,0.0,0.0,0.0,0.0,0.0,0.12,0.08,0.21,0.12,0.21,Nottingham Forest
Gio Reyna,us USA,"FW,MF",20.0,9,2,235.0,2.6,0.0,1.0,1.0,0.0,0.0,0.0,0.0,0.0,0.3,0.3,0.5,0.8,3.0,12.0,14.0,0.0,0.38,0.38,0.0,0.38,0.11,0.18,0.29,0.11,0.29,Nottingham Forest
Cheikhou Kouyaté,sn SEN,MF,33.0,12,2,212.0,2.4,0.0,0.0,0.0,0.0,0.0,0.0,2.0,0.0,0.3,0.3,0.0,0.3,0.0,5.0,5.0,0.0,0.0,0.0,0.0,0.0,0.12,0.02,0.14,0.12,0.14,Nottingham Forest
Rodrigo Ribeiro,pt POR,"MF,FW",18.0,4,0,17.0,0.2,0.0,0.0,0.0,0.0,0.0,0.0,0.0,0.0,0.0,0.0,0.0,0.0,2.0,2.0,1.0,0.0,0.0,0.0,0.0,0.0,0.0,0.0,0.0,0.0,0.0,Nottingham Forest
Andrey Santos,br BRA,MF,19.0,1,0,8.0,0.1,0.0,0.0,0.0,0.0,0.0,0.0,0.0,0.0,0.1,0.1,0.0,0.1,0.0,0.0,0.0,0.0,0.0,0.0,0.0,0.0,0.64,0.0,0.64,0.64,0.64,Nottingham Forest
Brandon Aguilera,cr CRC,FW,20.0,1,0,5.0,0.1,0.0,0.0,0.0,0.0,0.0,0.0,0.0,0.0,0.0,0.0,0.0,0.0,0.0,0.0,1.0,0.0,0.0,0.0,0.0,0.0,0.0,0.0,0.0,0.0,0.0,Nottingham Forest
Thomas Kaminski,be BEL,GK,30.0,38,38,3405.0,37.8,0.0,0.0,0.0,0.0,0.0,0.0,3.0,0.0,0.0,0.0,0.0,0.0,0.0,1.0,0.0,0.0,0.0,0.0,0.0,0.0,0.0,0.0,0.0,0.0,0.0,Luton Town
Alfie Doughty,eng ENG,DF,23.0,37,34,2925.0,32.5,2.0,8.0,10.0,2.0,0.0,0.0,5.0,0.0,1.3,1.3,6.3,7.6,94.0,106.0,164.0,0.06,0.25,0.31,0.06,0.31,0.04,0.19,0.23,0.04,0.23,Luton Town
Carlton Morris,eng ENG,"FW,MF",27.0,38,32,2862.0,31.8,11.0,4.0,15.0,6.0,5.0,5.0,4.0,0.0,11.4,7.5,2.8,10.2,37.0,56.0,120.0,0.35,0.13,0.47,0.19,0.31,0.36,0.09,0.45,0.23,0.32,Luton Town
Ross Barkley,eng ENG,MF,29.0,32,30,2618.0,29.1,5.0,4.0,9.0,5.0,0.0,0.0,6.0,0.0,4.1,4.1,3.7,7.9,48.0,163.0,39.0,0.17,0.14,0.31,0.17,0.31,0.14,0.13,0.27,0.14,0.27,Luton Town
Teden Mengi,eng ENG,DF,21.0,30,28,2469.0,27.4,1.0,0.0,1.0,1.0,0.0,0.0,3.0,0.0,0.6,0.6,0.3,0.9,15.0,54.0,1.0,0.04,0.0,0.04,0.04,0.04,0.02,0.01,0.03,0.02,0.03,Luton Town
Gabriel Osho,ng NGA,DF,24.0,21,21,1846.0,20.5,2.0,0.0,2.0,2.0,0.0,0.0,3.0,0.0,1.1,1.1,0.1,1.2,10.0,37.0,4.0,0.1,0.0,0.1,0.1,0.1,0.05,0.01,0.06,0.05,0.06,Luton Town
Issa Kaboré,bf BFA,DF,22.0,24,21,1729.0,19.2,0.0,2.0,2.0,0.0,0.0,0.0,7.0,0.0,0.2,0.2,2.1,2.3,60.0,54.0,85.0,0.0,0.1,0.1,0.0,0.1,0.01,0.11,0.12,0.01,0.12,Luton Town
Amari'i Bell,jm JAM,DF,29.0,21,21,1720.0,19.1,0.0,0.0,0.0,0.0,0.0,0.0,0.0,0.0,0.3,0.3,0.5,0.7,32.0,76.0,10.0,0.0,0.0,0.0,0.0,0.0,0.01,0.02,0.04,0.01,0.04,Luton Town
Chiedozie Ogbene,ie IRL,"MF,DF",26.0,30,20,1995.0,22.2,4.0,1.0,5.0,4.0,0.0,0.0,1.0,0.0,4.2,4.2,3.1,7.4,127.0,53.0,150.0,0.18,0.05,0.23,0.18,0.23,0.19,0.14,0.33,0.19,0.33,Luton Town
Tahith Chong,nl NED,"MF,FW",23.0,33,20,1982.0,22.0,4.0,0.0,4.0,4.0,0.0,0.0,4.0,0.0,2.7,2.7,0.5,3.2,57.0,72.0,101.0,0.18,0.0,0.18,0.18,0.18,0.12,0.02,0.15,0.12,0.15,Luton Town
Reece Burke,eng ENG,DF,26.0,22,20,1660.0,18.4,0.0,4.0,4.0,0.0,0.0,0.0,5.0,0.0,1.3,1.3,1.4,2.7,11.0,67.0,14.0,0.0,0.22,0.22,0.0,0.22,0.07,0.07,0.15,0.07,0.15,Luton Town
Elijah Adebayo,eng ENG,FW,25.0,27,16,1419.0,15.8,10.0,0.0,10.0,10.0,0.0,0.0,1.0,0.0,5.9,5.9,0.7,6.6,16.0,23.0,110.0,0.63,0.0,0.63,0.63,0.63,0.37,0.04,0.42,0.37,0.42,Luton Town
Albert Sambi Lokonga,be BEL,MF,23.0,17,16,1303.0,14.5,1.0,3.0,4.0,1.0,0.0,0.0,4.0,0.0,0.6,0.6,1.4,2.0,29.0,72.0,13.0,0.07,0.21,0.28,0.07,0.28,0.04,0.1,0.14,0.04,0.14,Luton Town
Jordan Clark,eng ENG,MF,29.0,23,14,1304.0,14.5,1.0,1.0,2.0,1.0,0.0,0.0,4.0,0.0,1.0,1.0,1.3,2.2,21.0,51.0,39.0,0.07,0.07,0.14,0.07,0.14,0.07,0.09,0.16,0.07,0.16,Luton Town
Andros Townsend,eng ENG,"MF,FW",32.0,27,14,1210.0,13.4,1.0,3.0,4.0,1.0,0.0,0.0,1.0,0.0,1.2,1.2,1.3,2.5,47.0,35.0,71.0,0.07,0.22,0.3,0.07,0.3,0.09,0.1,0.19,0.09,0.19,Luton Town
Tom Lockyer,wls WAL,DF,28.0,14,14,1169.0,13.0,1.0,1.0,2.0,1.0,0.0,0.0,4.0,0.0,1.1,1.1,0.6,1.7,6.0,37.0,2.0,0.08,0.08,0.15,0.08,0.15,0.08,0.05,0.13,0.08,0.13,Luton Town
Marvelous Nakamba,zw ZIM,MF,29.0,13,13,1130.0,12.6,0.0,0.0,0.0,0.0,0.0,0.0,5.0,0.0,0.2,0.2,0.4,0.6,1.0,36.0,5.0,0.0,0.0,0.0,0.0,0.0,0.01,0.03,0.05,0.01,0.05,Luton Town
Jacob Brown,sct SCO,"MF,FW",25.0,19,12,1019.0,11.3,2.0,0.0,2.0,2.0,0.0,0.0,4.0,0.0,2.8,2.8,0.7,3.4,25.0,19.0,53.0,0.18,0.0,0.18,0.18,0.18,0.25,0.06,0.3,0.25,0.3,Luton Town
Pelly Ruddock Mpanzu,cd COD,MF,30.0,27,11,1101.0,12.2,0.0,0.0,0.0,0.0,0.0,0.0,1.0,0.0,0.6,0.6,0.4,1.1,10.0,34.0,15.0,0.0,0.0,0.0,0.0,0.0,0.05,0.04,0.09,0.05,0.09,Luton Town
Daiki Hashioka,jp JPN,DF,24.0,10,6,595.0,6.6,0.0,0.0,0.0,0.0,0.0,0.0,0.0,0.0,0.1,0.1,0.7,0.8,3.0,21.0,16.0,0.0,0.0,0.0,0.0,0.0,0.02,0.1,0.12,0.02,0.12,Luton Town
Ryan John Giles,eng ENG,"DF,MF",23.0,11,5,503.0,5.6,0.0,0.0,0.0,0.0,0.0,0.0,0.0,0.0,0.1,0.1,0.2,0.3,9.0,17.0,30.0,0.0,0.0,0.0,0.0,0.0,0.02,0.04,0.06,0.02,0.06,Luton Town
Fred Onyedinma,eng ENG,"DF,MF",26.0,8,4,407.0,4.5,0.0,0.0,0.0,0.0,0.0,0.0,1.0,0.0,0.2,0.2,0.1,0.3,9.0,6.0,21.0,0.0,0.0,0.0,0.0,0.0,0.04,0.02,0.06,0.04,0.06,Luton Town
Mads Juel Andersen,dk DEN,DF,25.0,8,4,400.0,4.4,1.0,0.0,1.0,1.0,0.0,0.0,1.0,0.0,0.3,0.3,0.0,0.3,0.0,7.0,1.0,0.23,0.0,0.23,0.23,0.23,0.06,0.0,0.06,0.06,0.06,Luton Town
Cauley Woodrow,eng ENG,"FW,MF",28.0,24,2,427.0,4.7,1.0,1.0,2.0,1.0,0.0,0.0,2.0,0.0,1.4,1.4,1.2,2.6,7.0,6.0,22.0,0.21,0.21,0.42,0.21,0.42,0.3,0.25,0.55,0.3,0.55,Luton Town
Luke Berry,eng ENG,"MF,DF",31.0,17,2,323.0,3.6,2.0,1.0,3.0,2.0,0.0,0.0,1.0,0.0,1.0,1.0,0.3,1.3,1.0,8.0,7.0,0.56,0.28,0.84,0.56,0.84,0.28,0.07,0.35,0.28,0.35,Luton Town
Joseph Johnson,eng ENG,DF,17.0,2,0,77.0,0.9,0.0,0.0,0.0,0.0,0.0,0.0,1.0,0.0,0.0,0.0,0.0,0.0,0.0,2.0,1.0,0.0,0.0,0.0,0.0,0.0,0.0,0.0,0.0,0.0,0.0,Luton Town
James Shea,eng ENG,GK,32.0,1,0,15.0,0.2,0.0,0.0,0.0,0.0,0.0,0.0,0.0,0.0,0.0,0.0,0.0,0.0,0.0,0.0,0.0,0.0,0.0,0.0,0.0,0.0,0.0,0.0,0.0,0.0,0.0,Luton Town
Zack Nelson,eng ENG,"MF,DF",18.0,2,0,7.0,0.1,0.0,0.0,0.0,0.0,0.0,0.0,0.0,0.0,0.0,0.0,0.0,0.0,0.0,0.0,0.0,0.0,0.0,0.0,0.0,0.0,0.0,0.0,0.0,0.0,0.0,Luton Town
Sander Berge,no NOR,MF,25.0,37,34,3005.0,33.4,1.0,2.0,3.0,1.0,0.0,0.0,10.0,1.0,1.9,1.9,2.4,4.3,64.0,164.0,29.0,0.03,0.06,0.09,0.03,0.09,0.06,0.07,0.13,0.06,0.13,Burnley
Dara O'Shea,ie IRL,DF,24.0,33,32,2892.0,32.1,3.0,4.0,7.0,3.0,0.0,0.0,5.0,1.0,0.7,0.7,2.0,2.7,32.0,122.0,10.0,0.09,0.12,0.22,0.09,0.22,0.02,0.06,0.08,0.02,0.08,Burnley
James Trafford,eng ENG,GK,20.0,28,28,2520.0,28.0,0.0,0.0,0.0,0.0,0.0,0.0,2.0,0.0,0.0,0.0,0.0,0.0,0.0,6.0,0.0,0.0,0.0,0.0,0.0,0.0,0.0,0.0,0.0,0.0,0.0,Burnley
Zeki Amdouni,ch SUI,FW,22.0,34,27,1953.0,21.7,5.0,1.0,6.0,4.0,1.0,1.0,2.0,0.0,5.8,5.0,1.4,6.5,63.0,49.0,93.0,0.23,0.05,0.28,0.18,0.23,0.27,0.07,0.33,0.23,0.3,Burnley
Vitinho,br BRA,"DF,MF",24.0,32,26,2314.0,25.7,0.0,2.0,2.0,0.0,0.0,0.0,1.0,0.0,1.6,1.6,1.3,2.9,59.0,66.0,110.0,0.0,0.08,0.08,0.0,0.08,0.06,0.05,0.11,0.06,0.11,Burnley
Charlie Taylor,eng ENG,DF,29.0,28,25,2331.0,25.9,1.0,1.0,2.0,1.0,0.0,0.0,8.0,0.0,0.2,0.2,1.2,1.5,36.0,82.0,81.0,0.04,0.04,0.08,0.04,0.08,0.01,0.05,0.06,0.01,0.06,Burnley
Wilson Odobert,fr FRA,"MF,FW",18.0,29,25,2098.0,23.3,3.0,2.0,5.0,3.0,0.0,0.0,3.0,0.0,2.8,2.8,3.3,6.1,102.0,58.0,123.0,0.13,0.09,0.21,0.13,0.21,0.12,0.14,0.26,0.12,0.26,Burnley
Josh Brownhill,eng ENG,MF,27.0,33,23,2252.0,25.0,4.0,2.0,6.0,4.0,0.0,0.0,4.0,1.0,1.9,1.9,2.1,4.0,19.0,90.0,36.0,0.16,0.08,0.24,0.16,0.24,0.08,0.08,0.16,0.08,0.16,Burnley
Josh Cullen,ie IRL,MF,27.0,25,23,2057.0,22.9,2.0,3.0,5.0,2.0,0.0,0.0,9.0,0.0,0.6,0.6,1.8,2.4,22.0,123.0,22.0,0.09,0.13,0.22,0.09,0.22,0.03,0.08,0.11,0.03,0.11,Burnley
Lyle Foster,za RSA,"FW,MF",22.0,24,22,1899.0,21.1,5.0,3.0,8.0,5.0,0.0,0.0,0.0,1.0,4.5,4.5,1.9,6.4,55.0,37.0,104.0,0.24,0.14,0.38,0.24,0.38,0.21,0.09,0.3,0.21,0.3,Burnley
Jacob Bruun Larsen,dk DEN,"MF,FW",24.0,32,16,1249.0,13.9,6.0,0.0,6.0,5.0,1.0,1.0,1.0,0.0,5.0,4.2,1.5,5.7,61.0,38.0,146.0,0.43,0.0,0.43,0.36,0.36,0.36,0.1,0.46,0.3,0.41,Burnley
Maxime Estève,fr FRA,DF,21.0,16,15,1309.0,14.5,0.0,0.0,0.0,0.0,0.0,0.0,6.0,0.0,0.3,0.3,0.0,0.3,15.0,40.0,3.0,0.0,0.0,0.0,0.0,0.0,0.02,0.0,0.02,0.02,0.02,Burnley
Lorenz Assignon,tg TOG,DF,23.0,15,15,1234.0,13.7,1.0,2.0,3.0,1.0,0.0,0.0,5.0,1.0,0.4,0.4,2.6,3.0,38.0,34.0,57.0,0.07,0.15,0.22,0.07,0.22,0.03,0.19,0.22,0.03,0.22,Burnley
Jordan Beyer,de GER,DF,23.0,15,15,1234.0,13.7,0.0,1.0,1.0,0.0,0.0,0.0,6.0,0.0,0.5,0.5,0.3,0.8,9.0,25.0,1.0,0.0,0.07,0.07,0.0,0.07,0.04,0.02,0.06,0.04,0.06,Burnley
Luca Koleosho,it ITA,"MF,FW",18.0,15,13,974.0,10.8,1.0,1.0,2.0,1.0,0.0,0.0,0.0,0.0,2.0,2.0,1.3,3.3,53.0,19.0,82.0,0.09,0.09,0.18,0.09,0.18,0.18,0.12,0.3,0.18,0.3,Burnley
Jóhann Berg Guðmundsson,is ISL,"MF,FW",32.0,26,12,1192.0,13.2,1.0,3.0,4.0,1.0,0.0,0.0,2.0,0.0,1.9,1.9,2.7,4.5,13.0,59.0,69.0,0.08,0.23,0.3,0.08,0.3,0.14,0.2,0.34,0.14,0.34,Burnley
Ameen Al-Dakhil,be BEL,DF,21.0,13,12,1056.0,11.7,1.0,0.0,1.0,1.0,0.0,0.0,1.0,0.0,1.3,1.3,0.1,1.4,7.0,35.0,9.0,0.09,0.0,0.09,0.09,0.09,0.11,0.01,0.12,0.11,0.12,Burnley
Arijanet Muric,xk KVX,GK,24.0,10,10,900.0,10.0,0.0,0.0,0.0,0.0,0.0,0.0,0.0,0.0,0.0,0.0,0.2,0.2,0.0,1.0,0.0,0.0,0.0,0.0,0.0,0.0,0.0,0.02,0.02,0.0,0.02,Burnley
David Datro Fofana,ci CIV,FW,20.0,15,10,879.0,9.8,4.0,1.0,5.0,4.0,0.0,0.0,1.0,0.0,4.5,4.5,1.8,6.4,21.0,15.0,39.0,0.41,0.1,0.51,0.41,0.51,0.46,0.19,0.65,0.46,0.65,Burnley
Connor Roberts,wls WAL,DF,27.0,14,8,823.0,9.1,0.0,1.0,1.0,0.0,0.0,0.0,5.0,1.0,0.0,0.0,0.2,0.2,6.0,38.0,13.0,0.0,0.11,0.11,0.0,0.11,0.0,0.02,0.02,0.0,0.02,Burnley
Jay Rodriguez,eng ENG,FW,34.0,21,7,822.0,9.1,2.0,1.0,3.0,1.0,1.0,1.0,0.0,0.0,3.5,2.7,0.2,2.9,2.0,17.0,28.0,0.22,0.11,0.33,0.11,0.22,0.38,0.02,0.4,0.3,0.32,Burnley
Hannes Delcroix,be BEL,DF,24.0,12,5,589.0,6.5,0.0,0.0,0.0,0.0,0.0,0.0,2.0,0.0,0.4,0.4,0.2,0.6,2.0,18.0,6.0,0.0,0.0,0.0,0.0,0.0,0.05,0.03,0.09,0.05,0.09,Burnley
Aaron Ramsey,eng ENG,"MF,FW",20.0,14,5,527.0,5.9,0.0,0.0,0.0,0.0,0.0,0.0,1.0,0.0,0.3,0.3,0.4,0.7,8.0,8.0,17.0,0.0,0.0,0.0,0.0,0.0,0.06,0.07,0.13,0.06,0.13,Burnley
Hjalmar Ekdal,se SWE,DF,24.0,8,5,437.0,4.9,0.0,0.0,0.0,0.0,0.0,0.0,2.0,0.0,0.1,0.1,0.1,0.1,5.0,11.0,1.0,0.0,0.0,0.0,0.0,0.0,0.01,0.01,0.03,0.01,0.03,Burnley
Mike Trésor,be BEL,"FW,MF",24.0,16,3,420.0,4.7,0.0,0.0,0.0,0.0,0.0,0.0,0.0,0.0,0.5,0.5,0.4,0.9,15.0,10.0,31.0,0.0,0.0,0.0,0.0,0.0,0.1,0.08,0.18,0.1,0.18,Burnley
Anass Zaroury,ma MAR,"FW,MF",22.0,6,1,152.0,1.7,0.0,0.0,0.0,0.0,0.0,0.0,0.0,1.0,0.2,0.2,0.0,0.2,2.0,2.0,12.0,0.0,0.0,0.0,0.0,0.0,0.1,0.02,0.12,0.1,0.12,Burnley
Benson Manuel,ao ANG,"MF,FW",26.0,8,1,116.0,1.3,0.0,0.0,0.0,0.0,0.0,0.0,0.0,0.0,0.1,0.1,0.0,0.1,5.0,2.0,14.0,0.0,0.0,0.0,0.0,0.0,0.05,0.03,0.08,0.05,0.08,Burnley
Nathan Redmond,eng ENG,"FW,MF",29.0,12,0,142.0,1.6,0.0,0.0,0.0,0.0,0.0,0.0,1.0,0.0,0.0,0.0,0.3,0.3,7.0,8.0,22.0,0.0,0.0,0.0,0.0,0.0,0.0,0.19,0.19,0.0,0.19,Burnley
Jack Cork,eng ENG,MF,34.0,4,0,27.0,0.3,0.0,0.0,0.0,0.0,0.0,0.0,0.0,0.0,0.0,0.0,0.0,0.0,4.0,4.0,1.0,0.0,0.0,0.0,0.0,0.0,0.0,0.0,0.0,0.0,0.0,Burnley
Michael Obafemi,ie IRL,"FW,MF",23.0,2,0,20.0,0.2,0.0,0.0,0.0,0.0,0.0,0.0,0.0,0.0,0.1,0.1,0.0,0.1,0.0,0.0,3.0,0.0,0.0,0.0,0.0,0.0,0.4,0.0,0.4,0.4,0.4,Burnley
Han-Noah Massengo,fr FRA,"MF,DF",22.0,3,0,16.0,0.2,0.0,0.0,0.0,0.0,0.0,0.0,0.0,0.0,0.0,0.0,0.0,0.0,2.0,0.0,0.0,0.0,0.0,0.0,0.0,0.0,0.0,0.0,0.0,0.0,0.0,Burnley
Gustavo Hamer,nl NED,MF,26.0,36,34,2910.0,32.3,4.0,6.0,10.0,4.0,0.0,0.0,9.0,0.0,3.0,3.0,6.1,9.1,36.0,135.0,86.0,0.12,0.19,0.31,0.12,0.31,0.09,0.19,0.28,0.09,0.28,Sheffield United
Jayden Bogle,eng ENG,DF,23.0,34,32,2788.0,31.0,3.0,0.0,3.0,3.0,0.0,0.0,9.0,0.0,2.3,2.3,1.0,3.3,38.0,60.0,92.0,0.1,0.0,0.1,0.1,0.1,0.07,0.03,0.11,0.07,0.11,Sheffield United
Jack Robinson,eng ENG,DF,29.0,34,31,2885.0,32.1,1.0,1.0,2.0,1.0,0.0,0.0,10.0,0.0,1.2,1.2,1.2,2.4,8.0,63.0,14.0,0.03,0.03,0.06,0.03,0.06,0.04,0.04,0.08,0.04,0.08,Sheffield United
Vinicius Souza,br BRA,MF,24.0,36,29,2668.0,29.6,1.0,0.0,1.0,1.0,0.0,0.0,3.0,0.0,0.6,0.6,0.2,0.8,7.0,66.0,21.0,0.03,0.0,0.03,0.03,0.03,0.02,0.01,0.03,0.02,0.03,Sheffield United
Anel Ahmedhodžić,ba BIH,DF,24.0,31,29,2649.0,29.4,2.0,0.0,2.0,2.0,0.0,0.0,11.0,1.0,3.1,3.1,0.8,4.0,15.0,43.0,21.0,0.07,0.0,0.07,0.07,0.07,0.11,0.03,0.14,0.11,0.14,Sheffield United
Wes Foderingham,eng ENG,GK,32.0,30,29,2649.0,29.4,0.0,0.0,0.0,0.0,0.0,0.0,2.0,0.0,0.0,0.0,0.1,0.1,0.0,0.0,0.0,0.0,0.0,0.0,0.0,0.0,0.0,0.0,0.0,0.0,0.0,Sheffield United
Auston Trusty,us USA,DF,24.0,32,28,2572.0,28.6,0.0,0.0,0.0,0.0,0.0,0.0,4.0,0.0,0.4,0.4,1.1,1.5,10.0,40.0,15.0,0.0,0.0,0.0,0.0,0.0,0.01,0.04,0.05,0.01,0.05,Sheffield United
Cameron Archer,eng ENG,"FW,MF",22.0,29,21,1832.0,20.4,4.0,1.0,5.0,4.0,0.0,0.0,1.0,0.0,5.5,5.5,2.8,8.3,33.0,15.0,113.0,0.2,0.05,0.25,0.2,0.25,0.27,0.14,0.41,0.27,0.41,Sheffield United
James Mcatee,eng ENG,"MF,FW",20.0,30,20,1822.0,20.2,3.0,3.0,6.0,2.0,1.0,1.0,2.0,0.0,3.1,2.3,2.9,5.2,55.0,51.0,110.0,0.15,0.15,0.3,0.1,0.25,0.15,0.15,0.3,0.11,0.26,Sheffield United
Oliver Norwood,nir NIR,MF,32.0,27,16,1440.0,16.0,1.0,0.0,1.0,0.0,1.0,1.0,8.0,0.0,1.1,0.3,0.6,0.9,3.0,73.0,10.0,0.06,0.0,0.06,0.0,0.0,0.07,0.04,0.11,0.02,0.06,Sheffield United
Oliver McBurnie,sct SCO,FW,27.0,21,15,1280.0,14.2,6.0,3.0,9.0,4.0,2.0,2.0,7.0,2.0,6.9,5.3,2.0,7.3,6.0,30.0,60.0,0.42,0.21,0.63,0.28,0.49,0.48,0.14,0.62,0.37,0.51,Sheffield United
Ben Osborn,eng ENG,"DF,MF",28.0,24,14,1367.0,15.2,0.0,2.0,2.0,0.0,0.0,0.0,3.0,0.0,0.2,0.2,0.9,1.1,16.0,55.0,44.0,0.0,0.13,0.13,0.0,0.13,0.01,0.06,0.07,0.01,0.07,Sheffield United
Ben Brereton,cl CHI,"FW,MF",24.0,14,14,1105.0,12.3,6.0,1.0,7.0,5.0,1.0,1.0,3.0,0.0,6.1,5.3,1.5,6.7,23.0,37.0,78.0,0.49,0.08,0.57,0.41,0.49,0.49,0.12,0.61,0.43,0.55,Sheffield United
Andre Brooks,eng ENG,"MF,DF",19.0,20,12,938.0,10.4,0.0,0.0,0.0,0.0,0.0,0.0,1.0,0.0,0.4,0.4,0.1,0.5,12.0,18.0,22.0,0.0,0.0,0.0,0.0,0.0,0.04,0.01,0.05,0.04,0.05,Sheffield United
George Baldock,gr GRE,DF,30.0,13,11,969.0,10.8,0.0,1.0,1.0,0.0,0.0,0.0,4.0,0.0,0.0,0.0,0.8,0.8,9.0,31.0,24.0,0.0,0.09,0.09,0.0,0.09,0.0,0.07,0.08,0.0,0.08,Sheffield United
Oliver Arblaster,eng ENG,MF,19.0,12,11,943.0,10.5,0.0,0.0,0.0,0.0,0.0,0.0,2.0,0.0,0.0,0.0,0.7,0.8,13.0,43.0,4.0,0.0,0.0,0.0,0.0,0.0,0.0,0.07,0.07,0.0,0.07,Sheffield United
Luke Thomas,eng ENG,DF,22.0,12,11,917.0,10.2,0.0,0.0,0.0,0.0,0.0,0.0,3.0,0.0,0.5,0.5,0.1,0.6,8.0,33.0,22.0,0.0,0.0,0.0,0.0,0.0,0.05,0.0,0.06,0.05,0.06,Sheffield United
William Osula,dk DEN,FW,19.0,21,9,786.0,8.7,0.0,0.0,0.0,0.0,0.0,0.0,4.0,0.0,1.6,1.6,0.1,1.7,7.0,2.0,41.0,0.0,0.0,0.0,0.0,0.0,0.19,0.01,0.2,0.19,0.2,Sheffield United
Ivo Grbić,hr CRO,GK,27.0,9,9,771.0,8.6,0.0,0.0,0.0,0.0,0.0,0.0,1.0,0.0,0.0,0.0,0.0,0.0,0.0,0.0,0.0,0.0,0.0,0.0,0.0,0.0,0.0,0.0,0.0,0.0,0.0,Sheffield United
Mason Holgate,eng ENG,DF,26.0,10,9,710.0,7.9,0.0,0.0,0.0,0.0,0.0,0.0,3.0,1.0,0.6,0.6,0.4,1.1,0.0,13.0,0.0,0.0,0.0,0.0,0.0,0.0,0.08,0.05,0.13,0.08,0.13,Sheffield United
Yasser Larouci,dz ALG,DF,22.0,11,6,531.0,5.9,0.0,0.0,0.0,0.0,0.0,0.0,1.0,0.0,0.2,0.2,0.3,0.5,18.0,14.0,12.0,0.0,0.0,0.0,0.0,0.0,0.04,0.05,0.09,0.04,0.09,Sheffield United
John Egan,ie IRL,DF,30.0,6,6,482.0,5.4,0.0,0.0,0.0,0.0,0.0,0.0,2.0,0.0,0.2,0.2,0.0,0.2,0.0,5.0,1.0,0.0,0.0,0.0,0.0,0.0,0.03,0.0,0.03,0.03,0.03,Sheffield United
Max Lowe,eng ENG,"DF,MF",26.0,10,4,503.0,5.6,0.0,0.0,0.0,0.0,0.0,0.0,1.0,0.0,0.6,0.6,0.7,1.3,5.0,12.0,11.0,0.0,0.0,0.0,0.0,0.0,0.1,0.13,0.23,0.1,0.23,Sheffield United
Anis Ben Slimane,tn TUN,MF,22.0,15,4,419.0,4.7,0.0,0.0,0.0,0.0,0.0,0.0,2.0,0.0,0.8,0.8,0.3,1.1,3.0,12.0,21.0,0.0,0.0,0.0,0.0,0.0,0.17,0.06,0.23,0.17,0.23,Sheffield United
Bénie Adama Traore,ci CIV,"FW,MF",20.0,8,3,387.0,4.3,0.0,0.0,0.0,0.0,0.0,0.0,0.0,0.0,0.3,0.3,0.5,0.8,7.0,9.0,14.0,0.0,0.0,0.0,0.0,0.0,0.06,0.13,0.19,0.06,0.19,Sheffield United
Rhian Brewster,eng ENG,"FW,MF",23.0,13,3,346.0,3.8,0.0,0.0,0.0,0.0,0.0,0.0,0.0,1.0,0.4,0.4,0.1,0.5,1.0,3.0,21.0,0.0,0.0,0.0,0.0,0.0,0.09,0.03,0.12,0.09,0.12,Sheffield United
Chris Basham,eng ENG,"DF,MF",35.0,8,3,321.0,3.6,0.0,0.0,0.0,0.0,0.0,0.0,1.0,0.0,0.1,0.1,0.3,0.4,1.0,7.0,6.0,0.0,0.0,0.0,0.0,0.0,0.04,0.07,0.1,0.04,0.1,Sheffield United
Tom Davies,eng ENG,MF,25.0,9,2,221.0,2.5,0.0,0.0,0.0,0.0,0.0,0.0,2.0,0.0,0.4,0.4,0.1,0.4,3.0,8.0,3.0,0.0,0.0,0.0,0.0,0.0,0.14,0.03,0.17,0.14,0.17,Sheffield United
Rhys Norrington-Davies,wls WAL,DF,24.0,5,2,110.0,1.2,0.0,0.0,0.0,0.0,0.0,0.0,1.0,0.0,0.0,0.0,0.0,0.0,3.0,2.0,6.0,0.0,0.0,0.0,0.0,0.0,0.0,0.01,0.01,0.0,0.01,Sheffield United
John Fleck,sct SCO,"MF,DF",31.0,4,1,92.0,1.0,0.0,0.0,0.0,0.0,0.0,0.0,1.0,0.0,0.0,0.0,0.4,0.4,2.0,3.0,0.0,0.0,0.0,0.0,0.0,0.0,0.0,0.44,0.44,0.0,0.44,Sheffield United
Sam Curtis,ie IRL,DF,17.0,1,0,28.0,0.3,0.0,0.0,0.0,0.0,0.0,0.0,0.0,0.0,0.0,0.0,0.0,0.0,0.0,1.0,1.0,0.0,0.0,0.0,0.0,0.0,0.0,0.0,0.0,0.0,0.0,Sheffield United
Daniel Jebbison,eng ENG,FW,19.0,1,0,21.0,0.2,0.0,0.0,0.0,0.0,0.0,0.0,0.0,0.0,0.0,0.0,0.0,0.0,0.0,0.0,1.0,0.0,0.0,0.0,0.0,0.0,0.0,0.0,0.0,0.0,0.0,Sheffield United
Antwoine Hackford,eng ENG,FW,19.0,2,0,13.0,0.1,0.0,0.0,0.0,0.0,0.0,0.0,0.0,0.0,0.0,0.0,0.0,0.0,0.0,0.0,0.0,0.0,0.0,0.0,0.0,0.0,0.0,0.0,0.0,0.0,0.0,Sheffield United
Sydie Peck,eng ENG,MF,18.0,1,0,10.0,0.1,0.0,0.0,0.0,0.0,0.0,0.0,0.0,0.0,0.0,0.0,0.0,0.0,0.0,0.0,0.0,0.0,0.0,0.0,0.0,0.0,0.0,0.0,0.0,0.0,0.0,Sheffield United
Ryan One,sct SCO,FW,17.0,1,0,8.0,0.1,0.0,0.0,0.0,0.0,0.0,0.0,0.0,0.0,0.0,0.0,0.0,0.0,1.0,0.0,0.0,0.0,0.0,0.0,0.0,0.0,0.0,0.0,0.0,0.0,0.0,Sheffield United
